GET https://sportapi7.p.rapidapi.com/api/v1/event/7881945 HTTP/1.1
accept: application/json
x-rapidapi-host: sportapi7.p.rapidapi.com
x-rapidapi-key: 0434215ee2msh45ced7038e37197p1b6ca9jsna320cbc27bc8
x-rapidapi-ua: RapidAPI-Playground

{
  "event": {
    "eventState": {},
    "tournament": {
      "name": "Eerste Divisie",
      "slug": "eerste-divisie",
      "category": {
        "name": "Netherlands",
        "slug": "netherlands",
        "sport": {
          "name": "Football",
          "slug": "football",
          "id": 1
        },
        "priority": 0,
        "country": {
          "alpha2": "NL",
          "alpha3": "NLD",
          "name": "Netherlands",
          "slug": "netherlands"
        },
        "id": 35,
        "flag": "netherlands",
        "alpha2": "NL",
        "fieldTranslations": {
          "nameTranslation": {
            "ar": "هولندا",
            "ru": "Нидерланды"
          },
          "shortNameTranslation": {}
        }
      },
      "uniqueTournament": {
        "name": "Eerste Divisie",
        "slug": "eerste-divisie",
        "primaryColorHex": "#b0192e",
        "secondaryColorHex": "#a3a3a3",
        "category": {
          "name": "Netherlands",
          "slug": "netherlands",
          "sport": {
            "name": "Football",
            "slug": "football",
            "id": 1
          },
          "priority": 0,
          "country": {
            "alpha2": "NL",
            "alpha3": "NLD",
            "name": "Netherlands",
            "slug": "netherlands"
          },
          "id": 35,
          "flag": "netherlands",
          "alpha2": "NL",
          "fieldTranslations": {
            "nameTranslation": {
              "ar": "هولندا",
              "ru": "Нидерланды"
            },
            "shortNameTranslation": {}
          }
        },
        "userCount": 27246,
        "hasRounds": true,
        "hasPerformanceGraphFeature": true,
        "liveActivityEnabled": true,
        "country": {},
        "id": 131,
        "hasEventPlayerStatistics": true,
        "displayInverseHomeAwayTeams": false,
        "fieldTranslations": {
          "nameTranslation": {
            "ar": "الدوري الهولندي الدرجة الثانية",
            "bn": "এরেস্টে ডিভিশন",
            "hi": "ईर्स्टे डिविज़ी",
            "ru": "Дивизион 1"
          },
          "shortNameTranslation": {}
        }
      },
      "priority": 326,
      "isGroup": false,
      "competitionType": 1,
      "isLive": false,
      "id": 40,
      "fieldTranslations": {
        "nameTranslation": {
          "ar": "الدوري الهولندي الدرجة الثانية",
          "bn": "ফার্স্ট ডিভিশন",
          "hi": "एर्स्टे डिविज़ी",
          "ru": "Дивизион 1"
        },
        "shortNameTranslation": {}
      }
    },
    "season": {
      "name": "Eerste Divisie 18/19",
      "year": "18/19",
      "editor": false,
      "id": 17824
    },
    "roundInfo": {
      "round": 9
    },
    "customId": "kjbsvjb",
    "status": {
      "code": 100,
      "description": "Ended",
      "type": "finished"
    },
    "winnerCode": 1,
    "venue": {
      "city": {
        "name": "Rotterdam",
        "country": {
          "alpha2": "NL",
          "alpha3": "NLD",
          "name": "Netherlands",
          "slug": "netherlands"
        },
        "id": 20209
      },
      "venueCoordinates": {
        "latitude": 51.919455,
        "longitude": 4.433551
      },
      "hidden": false,
      "slug": "het-kasteel",
      "name": "Het Kasteel",
      "capacity": 11000,
      "country": {
        "alpha2": "NL",
        "alpha3": "NLD",
        "name": "Netherlands",
        "slug": "netherlands"
      },
      "id": 656,
      "fieldTranslations": {
        "nameTranslation": {
          "ar": "هيت كاستيل",
          "hi": "हेट कस्तील",
          "bn": "হেট কাস্তিল",
          "ru": "Стадион Het Kasteel"
        },
        "shortNameTranslation": {}
      },
      "stadium": {
        "name": "Het Kasteel",
        "capacity": 11000
      }
    },
    "referee": {
      "name": "Richard Martens",
      "slug": "martens-richard",
      "yellowCards": 694,
      "redCards": 22,
      "yellowRedCards": 17,
      "games": 199,
      "sport": {
        "id": 1,
        "slug": "football",
        "name": "Football"
      },
      "country": {
        "alpha2": "NL",
        "alpha3": "NLD",
        "name": "Netherlands",
        "slug": "netherlands"
      },
      "id": 272661,
      "fieldTranslations": {
        "nameTranslation": {
          "ar": "ريتشارد مارتنز",
          "ru": "Ричард Мартенс"
        },
        "shortNameTranslation": {}
      }
    },
    "homeTeam": {
      "name": "Sparta Rotterdam",
      "slug": "sparta-rotterdam",
      "shortName": "Sparta",
      "gender": "M",
      "sport": {
        "name": "Football",
        "slug": "football",
        "id": 1
      },
      "userCount": 41235,
      "manager": {
        "name": "Rogier Meijer",
        "slug": "rogier-meijer",
        "shortName": "R. Meijer",
        "country": {
          "alpha2": "NL",
          "alpha3": "NLD",
          "name": "Netherlands",
          "slug": "netherlands"
        },
        "id": 794643,
        "fieldTranslations": {
          "nameTranslation": {
            "ar": "روجيه ماير",
            "ru": "Рогир Мейер"
          },
          "shortNameTranslation": {
            "ar": "ر. ماير",
            "ru": "Р. Мейер"
          }
        }
      },
      "venue": {
        "city": {
          "name": "Rotterdam",
          "country": {
            "alpha2": "NL",
            "alpha3": "NLD",
            "name": "Netherlands",
            "slug": "netherlands"
          },
          "id": 20209
        },
        "venueCoordinates": {
          "latitude": 51.919455,
          "longitude": 4.433551
        },
        "hidden": false,
        "slug": "het-kasteel",
        "name": "Het Kasteel",
        "capacity": 11000,
        "country": {
          "alpha2": "NL",
          "alpha3": "NLD",
          "name": "Netherlands",
          "slug": "netherlands"
        },
        "id": 656,
        "fieldTranslations": {
          "nameTranslation": {
            "ar": "هيت كاستيل",
            "hi": "हेट कस्तील",
            "bn": "হেট কাস্তিল",
            "ru": "Стадион Het Kasteel"
          },
          "shortNameTranslation": {}
        },
        "stadium": {
          "name": "Het Kasteel",
          "capacity": 11000
        }
      },
      "nameCode": "SPA",
      "class": 0,
      "disabled": false,
      "national": false,
      "type": 0,
      "country": {
        "alpha2": "NL",
        "alpha3": "NLD",
        "name": "Netherlands",
        "slug": "netherlands"
      },
      "id": 2960,
      "fullName": "Sparta Rotterdam",
      "subTeams": [],
      "teamColors": {
        "primary": "#ffffff",
        "secondary": "#ff0000",
        "text": "#ff0000"
      },
      "foundationDateTimestamp": -2579817600,
      "fieldTranslations": {
        "nameTranslation": {
          "ar": "سبارتا روتيردام",
          "hi": "स्पार्टा रॉटरडैम",
          "ru": "Спарта Роттердам"
        },
        "shortNameTranslation": {}
      },
      "timeActive": []
    },
    "awayTeam": {
      "name": "SC Cambuur",
      "slug": "sc-cambuur",
      "shortName": "Cambuur",
      "gender": "M",
      "sport": {
        "name": "Football",
        "slug": "football",
        "id": 1
      },
      "userCount": 34217,
      "manager": {
        "name": "Johan Plat",
        "slug": "plat-johan",
        "shortName": "J. Plat",
        "country": {
          "alpha2": "NL",
          "alpha3": "NLD",
          "name": "Netherlands",
          "slug": "netherlands"
        },
        "id": 808897,
        "fieldTranslations": {
          "nameTranslation": {
            "ar": "بلات، يوهان",
            "ru": "Плат, Йохан"
          },
          "shortNameTranslation": {
            "ar": "ي. بلات",
            "ru": "Й. Плат"
          }
        }
      },
      "venue": {
        "city": {
          "name": "Leeuwarden",
          "country": {
            "alpha2": "NL",
            "alpha3": "NLD",
            "name": "Netherlands",
            "slug": "netherlands"
          },
          "id": 19068
        },
        "hidden": true,
        "slug": "kooi-stadion",
        "name": "Kooi Stadion",
        "capacity": 15000,
        "country": {
          "alpha2": "NL",
          "alpha3": "NLD",
          "name": "Netherlands",
          "slug": "netherlands"
        },
        "id": 45994,
        "fieldTranslations": {
          "nameTranslation": {
            "ar": "ملعب كوي",
            "hi": "कूई स्टेडियन",
            "bn": "কুই স্টেডিয়ান",
            "ru": "Стадион Kooi"
          },
          "shortNameTranslation": {}
        },
        "stadium": {
          "name": "Kooi Stadion",
          "capacity": 15000
        }
      },
      "nameCode": "CAM",
      "disabled": false,
      "national": false,
      "type": 0,
      "country": {
        "alpha2": "NL",
        "alpha3": "NLD",
        "name": "Netherlands",
        "slug": "netherlands"
      },
      "id": 2970,
      "fullName": "SC Cambuur",
      "subTeams": [],
      "teamColors": {
        "primary": "#ffff00",
        "secondary": "#0099ff",
        "text": "#0099ff"
      },
      "foundationDateTimestamp": -174700800,
      "fieldTranslations": {
        "nameTranslation": {
          "ar": "كامبور SC",
          "hi": "एससी काम्बुर",
          "ru": "Камбюр"
        },
        "shortNameTranslation": {
          "ar": "كامبور",
          "bn": "ক্যাম্বুর",
          "hi": "कंबूर"
        }
      },
      "timeActive": []
    },
    "homeScore": {
      "current": 3,
      "display": 3,
      "period1": 2,
      "period2": 1,
      "normaltime": 3
    },
    "awayScore": {
      "current": 0,
      "display": 0,
      "period1": 0,
      "period2": 0,
      "normaltime": 0
    },
    "coverage": 1,
    "time": {
      "injuryTime1": 3,
      "injuryTime2": 3,
      "currentPeriodStartTimestamp": 1539526959
    },
    "changes": {
      "changes": [
        "status.code",
        "status.description",
        "status.type",
        "homeScore.normaltime",
        "awayScore.normaltime"
      ],
      "changeTimestamp": 1539526963
    },
    "hasGlobalHighlights": false,
    "detailId": 6,
    "crowdsourcingDataDisplayEnabled": false,
    "id": 7881945,
    "defaultPeriodCount": 2,
    "defaultPeriodLength": 45,
    "defaultOvertimeLength": 15,
    "slug": "sc-cambuur-sparta-rotterdam",
    "currentPeriodStartTimestamp": 1539526959,
    "startTimestamp": 1539520200,
    "finalResultOnly": false,
    "feedLocked": false,
    "seasonStatisticsType": "overall",
    "showTotoPromo": true,
    "isEditor": false
  }
}

{
  "dailyUniqueTournaments": [
    {
      "date": "2026-10-01",
      "uniqueTournamentIds": [
        26,
        29,
        42,
        183,
        390,
        696,
        727,
        753,
        851,
        853,
        855,
        856,
        857,
        858,
        1072,
        1191,
        1238,
        1369,
        1518,
        1644,
        1848,
        10240,
        10536,
        10783,
        11318,
        11537,
        11539,
        11618,
        13361,
        13363,
        13614,
        14100,
        15946,
        15980,
        16658,
        16677,
        16760,
        17027,
        17168,
        18296,
        18539,
        18725,
        18817,
        18919,
        18944,
        19016,
        19315,
        19891,
        19969,
        20071,
        20110,
        20351,
        20751,
        20759,
        20870,
        20893,
        21151,
        21341,
        21344,
        21397,
        21532,
        21969,
        22183,
        22325,
        22546,
        22563,
        22614,
        23038,
        23050,
        23064,
        23065,
        23095,
        23109,
        23124,
        23174,
        23192,
        23196,
        23214,
        23216,
        23292,
        23293,
        23436,
        23691,
        23911,
        23986,
        24034,
        24055,
        24194,
        24309,
        24324,
        24342,
        24365,
        24383,
        24434,
        24502,
        25024,
        25159,
        25396,
        25770,
        25864,
        25871,
        25911,
        25914,
        25973,
        25985,
        26037,
        26176,
        26242,
        26546,
        26680,
        26702,
        26929,
        27114,
        27171,
        27197,
        27207,
        27216,
        27221,
        27370,
        27549,
        27586,
        27653,
        27657,
        27675,
        27755,
        27923,
        27931,
        27932,
        27975,
        28081,
        28126,
        28165,
        28305,
        28530,
        28541,
        28543,
        28729,
        28757,
        28831,
        28868,
        28896,
        28932,
        29029,
        29030,
        29061,
        29238,
        29341,
        30056,
        30373,
        30377,
        30406,
        31192,
        31247,
        31435,
        31551,
        31687,
        31688,
        31772,
        31822,
        32123,
        33678,
        33693,
        33820,
        33969,
        34205,
        34268,
        34290,
        34405,
        34530,
        34748,
        34803,
        34960,
        34982,
        35019,
        35055,
        35067,
        35277,
        35338,
        35371,
        35467,
        35515,
        35616,
        35648,
        35670,
        35754,
        35850,
        35872,
        35927,
        36031,
        36033,
        36056,
        36062,
        36064,
        36079,
        36118,
        36170,
        36192,
        36274,
        36385,
        36438,
        36474,
        36533,
        36635,
        36639,
        36760,
        36802,
        36909,
        36919,
        36935,
        37027,
        37045,
        37133,
        37157,
        37225,
        37251,
        37300,
        37332,
        37358,
        37430,
        37465,
        37499,
        37506,
        37510,
        37518,
        37555,
        37622,
        37642,
        37644,
        37653,
        37654,
        37671,
        37681,
        37694,
        37727,
        37732,
        37770,
        37773,
        37793,
        37824,
        37837,
        37841,
        37853,
        37894,
        37989,
        38029,
        38031,
        38052,
        38112,
        38116,
        38133,
        38152,
        38183,
        38191,
        38280,
        38324,
        38333,
        38368,
        38397,
        38410,
        38428,
        38447,
        38462,
        38469,
        38495,
        38508,
        38510,
        38511,
        38512,
        38535,
        38575,
        38637,
        38676,
        38695,
        38698,
        38746
      ]
    },
    {
      "date": "2026-10-02",
      "uniqueTournamentIds": [
        22,
        26,
        42,
        54,
        65,
        131,
        142,
        155,
        166,
        184,
        192,
        193,
        224,
        232,
        242,
        282,
        325,
        347,
        390,
        493,
        509,
        676,
        691,
        701,
        703,
        731,
        776,
        813,
        851,
        853,
        854,
        855,
        856,
        857,
        858,
        937,
        1024,
        1079,
        1085,
        1089,
        1091,
        1099,
        1103,
        1105,
        1109,
        1238,
        1254,
        1365,
        1369,
        1662,
        2072,
        2284,
        2293,
        9386,
        9459,
        10240,
        10268,
        10307,
        10495,
        10533,
        10536,
        10641,
        10783,
        11086,
        11087,
        11315,
        11318,
        11330,
        11361,
        11386,
        11509,
        11537,
        11539,
        11617,
        11653,
        11671,
        13331,
        13361,
        13593,
        13820,
        13821,
        13946,
        13994,
        14100,
        15934,
        15946,
        15980,
        15991,
        16327,
        16424,
        16433,
        16504,
        16508,
        16730,
        16754,
        16760,
        16779,
        16785,
        16787,
        16796,
        16797,
        16804,
        16809,
        16826,
        16892,
        17073,
        17114,
        17219,
        17225,
        18302,
        18476,
        18944,
        19092,
        19103,
        19114,
        19124,
        19131,
        19132,
        19220,
        19252,
        19290,
        19315,
        19415,
        19639,
        19684,
        19752,
        19830,
        19860,
        19869,
        19891,
        19969,
        19980,
        20071,
        20102,
        20172,
        20348,
        20426,
        20434,
        20439,
        20750,
        20758,
        20759,
        20767,
        20768,
        20784,
        20796,
        20870,
        20871,
        20938,
        20945,
        20949,
        20964,
        20976,
        21261,
        21298,
        21338,
        21342,
        21406,
        21556,
        21919,
        22057,
        22063,
        22075,
        22105,
        22154,
        22224,
        22430,
        22431,
        22434,
        22446,
        22506,
        22513,
        22592,
        22699,
        22740,
        22758,
        22772,
        22881,
        22907,
        22914,
        22925,
        22934,
        22962,
        23038,
        23046,
        23048,
        23064,
        23070,
        23077,
        23095,
        23139,
        23188,
        23197,
        23204,
        23214,
        23216,
        23229,
        23249,
        23345,
        23406,
        23407,
        23436,
        23493,
        23500,
        23684,
        23725,
        23800,
        23921,
        24034,
        24142,
        24172,
        24194,
        24234,
        24282,
        24285,
        24309,
        24324,
        24342,
        24365,
        24383,
        24417,
        24502,
        24729,
        24827,
        25272,
        25484,
        25770,
        25864,
        25871,
        25904,
        25914,
        26035,
        26037,
        26104,
        26135,
        26176,
        26242,
        26290,
        26518,
        26533,
        26546,
        26702,
        26806,
        27221,
        27334,
        27384,
        27670,
        27675,
        27692,
        27755,
        27800,
        27801,
        27820,
        27836,
        27931,
        27932,
        27933,
        27940,
        27941,
        27943,
        27969,
        28122,
        28151,
        28153,
        28269,
        28305,
        28306,
        28384,
        28487,
        28499,
        28530,
        28539,
        28541,
        28543,
        28555,
        28656,
        28679,
        28710,
        28711,
        28749,
        28757,
        28761,
        28831,
        28868,
        28893,
        28894,
        28909,
        28932,
        28942,
        29029,
        29061,
        29341,
        29369,
        29395,
        29508,
        29893,
        29979,
        30056,
        30221,
        30238,
        30373,
        30391,
        30406,
        30424,
        30572,
        30575,
        30706,
        30863,
        30987,
        31006,
        31055,
        31056,
        31166,
        31407,
        31551,
        31560,
        31571,
        31651,
        31652,
        31686,
        31773,
        31777,
        31827,
        32058,
        32123,
        32131,
        32193,
        32195,
        32338,
        32438,
        32456,
        32457,
        32625,
        32668,
        33673,
        33678,
        33693,
        33807,
        33886,
        33938,
        33971,
        34068,
        34079,
        34085,
        34093,
        34233,
        34290,
        34405,
        34411,
        34421,
        34490,
        34520,
        34681,
        34748,
        34960,
        35055,
        35117,
        35338,
        35371,
        35467,
        35617,
        35648,
        35670,
        35671,
        35675,
        35676,
        35679,
        35742,
        35754,
        35814,
        35924,
        35925,
        35927,
        36031,
        36033,
        36063,
        36068,
        36096,
        36191,
        36196,
        36213,
        36241,
        36274,
        36275,
        36315,
        36333,
        36386,
        36438,
        36474,
        36522,
        36525,
        36547,
        36558,
        36589,
        36619,
        36639,
        36684,
        36691,
        36716,
        36730,
        36744,
        36767,
        36853,
        36855,
        36857,
        36879,
        36906,
        36917,
        36936,
        36951,
        36973,
        37026,
        37027,
        37044,
        37045,
        37083,
        37085,
        37119,
        37133,
        37155,
        37224,
        37225,
        37287,
        37300,
        37334,
        37338,
        37372,
        37395,
        37401,
        37428,
        37430,
        37439,
        37469,
        37476,
        37499,
        37510,
        37516,
        37570,
        37606,
        37642,
        37652,
        37653,
        37654,
        37671,
        37694,
        37699,
        37718,
        37756,
        37757,
        37759,
        37770,
        37773,
        37818,
        37824,
        37853,
        37882,
        37890,
        37958,
        37960,
        38029,
        38031,
        38052,
        38101,
        38116,
        38133,
        38152,
        38154,
        38158,
        38191,
        38210,
        38230,
        38473,
        38492,
        38503,
        38510,
        38511,
        38531,
        38534,
        38535,
        38575,
        38606,
        38625,
        38631,
        38637,
        38676,
        38704,
        38717,
        38771,
        38777
      ]
    },
    {
      "date": "2026-10-03",
      "uniqueTournamentIds": [
        19,
        22,
        24,
        25,
        26,
        42,
        54,
        65,
        97,
        101,
        131,
        142,
        146,
        155,
        166,
        167,
        173,
        183,
        184,
        186,
        200,
        206,
        207,
        209,
        214,
        218,
        224,
        232,
        254,
        278,
        325,
        329,
        334,
        347,
        365,
        390,
        402,
        493,
        509,
        512,
        515,
        532,
        544,
        594,
        622,
        691,
        701,
        703,
        715,
        716,
        721,
        731,
        776,
        813,
        822,
        851,
        852,
        853,
        855,
        856,
        857,
        858,
        937,
        1044,
        1072,
        1079,
        1085,
        1089,
        1091,
        1093,
        1095,
        1101,
        1109,
        1111,
        1127,
        1131,
        1133,
        1139,
        1191,
        1226,
        1238,
        1240,
        1254,
        1281,
        1335,
        1347,
        1365,
        1376,
        1378,
        1382,
        1460,
        1644,
        1662,
        1690,
        1862,
        1908,
        2060,
        2065,
        2110,
        2127,
        2284,
        2293,
        2294,
        3085,
        3090,
        6783,
        9386,
        9387,
        9412,
        9415,
        9426,
        9459,
        10240,
        10257,
        10268,
        10383,
        10456,
        10495,
        10499,
        10510,
        10533,
        10554,
        10560,
        10607,
        10633,
        10640,
        10641,
        10783,
        11082,
        11083,
        11084,
        11085,
        11086,
        11087,
        11088,
        11090,
        11105,
        11315,
        11316,
        11317,
        11318,
        11340,
        11342,
        11346,
        11347,
        11348,
        11349,
        11350,
        11351,
        11356,
        11357,
        11358,
        11359,
        11360,
        11361,
        11363,
        11364,
        11365,
        11366,
        11367,
        11386,
        11401,
        11402,
        11420,
        11445,
        11446,
        11447,
        11509,
        11534,
        11537,
        11539,
        11541,
        11611,
        11617,
        11619,
        11671,
        13331,
        13362,
        13363,
        13470,
        13593,
        13820,
        13821,
        13859,
        13994,
        14100,
        15272,
        15273,
        15919,
        15922,
        15931,
        15934,
        15935,
        15936,
        15939,
        15940,
        15941,
        15946,
        15960,
        15979,
        15980,
        15983,
        15991,
        15992,
        15996,
        16325,
        16327,
        16328,
        16336,
        16345,
        16347,
        16348,
        16362,
        16383,
        16391,
        16401,
        16422,
        16424,
        16430,
        16432,
        16433,
        16435,
        16438,
        16448,
        16479,
        16495,
        16505,
        16508,
        16509,
        16510,
        16511,
        16544,
        16545,
        16551,
        16555,
        16557,
        16577,
        16607,
        16609,
        16611,
        16614,
        16627,
        16637,
        16652,
        16655,
        16663,
        16676,
        16681,
        16682,
        16686,
        16701,
        16730,
        16749,
        16754,
        16755,
        16779,
        16785,
        16786,
        16787,
        16788,
        16796,
        16797,
        16804,
        16805,
        16809,
        16826,
        16833,
        16838,
        16839,
        16840,
        16845,
        16846,
        16864,
        16869,
        16877,
        16882,
        16890,
        16892,
        16915,
        16934,
        17072,
        17073,
        17114,
        17131,
        17138,
        17141,
        17143,
        17167,
        17168,
        17181,
        17204,
        17208,
        17209,
        17210,
        17211,
        17219,
        17225,
        17226,
        17242,
        17255,
        17257,
        17297,
        17306,
        17313,
        17315,
        17340,
        17346,
        17366,
        17368,
        17369,
        17372,
        17373,
        17380,
        17394,
        17395,
        17398,
        17400,
        17401,
        17403,
        18211,
        18218,
        18223,
        18229,
        18236,
        18242,
        18275,
        18278,
        18279,
        18282,
        18283,
        18285,
        18288,
        18289,
        18296,
        18297,
        18302,
        18304,
        18308,
        18309,
        18315,
        18320,
        18323,
        18330,
        18333,
        18352,
        18353,
        18355,
        18360,
        18369,
        18391,
        18392,
        18393,
        18396,
        18398,
        18399,
        18405,
        18412,
        18424,
        18425,
        18426,
        18432,
        18437,
        18449,
        18469,
        18476,
        18480,
        18488,
        18489,
        18497,
        18643,
        18772,
        18834,
        18875,
        18908,
        18912,
        18913,
        18918,
        18919,
        18944,
        19015,
        19016,
        19027,
        19028,
        19029,
        19033,
        19049,
        19051,
        19052,
        19065,
        19069,
        19071,
        19086,
        19087,
        19092,
        19103,
        19109,
        19114,
        19115,
        19122,
        19126,
        19131,
        19132,
        19141,
        19162,
        19183,
        19208,
        19219,
        19220,
        19235,
        19237,
        19241,
        19251,
        19252,
        19256,
        19275,
        19276,
        19277,
        19278,
        19282,
        19283,
        19287,
        19290,
        19293,
        19296,
        19315,
        19321,
        19325,
        19336,
        19339,
        19346,
        19363,
        19374,
        19398,
        19404,
        19424,
        19427,
        19493,
        19524,
        19532,
        19562,
        19568,
        19570,
        19587,
        19639,
        19640,
        19644,
        19666,
        19674,
        19684,
        19718,
        19752,
        19757,
        19761,
        19768,
        19830,
        19836,
        19860,
        19866,
        19869,
        19886,
        19891,
        19894,
        19936,
        19944,
        19957,
        19968,
        19969,
        19980,
        20023,
        20065,
        20066,
        20071,
        20094,
        20095,
        20102,
        20110,
        20118,
        20167,
        20168,
        20172,
        20209,
        20223,
        20270,
        20271,
        20292,
        20312,
        20318,
        20329,
        20337,
        20338,
        20348,
        20369,
        20373,
        20426,
        20434,
        20439,
        20465,
        20694,
        20703,
        20706,
        20707,
        20720,
        20722,
        20731,
        20740,
        20750,
        20758,
        20767,
        20784,
        20796,
        20805,
        20862,
        20870,
        20871,
        20893,
        20902,
        20930,
        20932,
        20938,
        20945,
        20946,
        20947,
        20948,
        20949,
        20950,
        20963,
        20964,
        20971,
        20976,
        20980,
        20982,
        21029,
        21033,
        21045,
        21050,
        21065,
        21076,
        21080,
        21116,
        21133,
        21157,
        21204,
        21209,
        21215,
        21248,
        21253,
        21261,
        21298,
        21338,
        21339,
        21340,
        21345,
        21377,
        21397,
        21406,
        21408,
        21409,
        21424,
        21485,
        21490,
        21531,
        21532,
        21537,
        21556,
        21621,
        21655,
        21722,
        21804,
        21816,
        21919,
        21951,
        21953,
        21954,
        21955,
        21987,
        22003,
        22027,
        22043,
        22051,
        22057,
        22063,
        22105,
        22117,
        22133,
        22135,
        22139,
        22154,
        22204,
        22205,
        22224,
        22235,
        22240,
        22250,
        22372,
        22397,
        22400,
        22405,
        22407,
        22430,
        22431,
        22432,
        22434,
        22446,
        22448,
        22506,
        22513,
        22525,
        22526,
        22542,
        22563,
        22564,
        22651,
        22694,
        22699,
        22700,
        22702,
        22703,
        22706,
        22711,
        22714,
        22724,
        22729,
        22740,
        22752,
        22759,
        22772,
        22776,
        22777,
        22800,
        22818,
        22855,
        22881,
        22892,
        22894,
        22907,
        22914,
        22925,
        22926,
        22927,
        22931,
        22934,
        22956,
        22958,
        22962,
        22970,
        22977,
        23011,
        23038,
        23042,
        23046,
        23048,
        23055,
        23056,
        23064,
        23065,
        23070,
        23077,
        23084,
        23095,
        23108,
        23109,
        23111,
        23117,
        23139,
        23147,
        23154,
        23180,
        23188,
        23192,
        23197,
        23204,
        23214,
        23219,
        23226,
        23229,
        23230,
        23240,
        23244,
        23249,
        23274,
        23289,
        23294,
        23298,
        23301,
        23302,
        23311,
        23323,
        23338,
        23344,
        23345,
        23349,
        23366,
        23402,
        23422,
        23445,
        23457,
        23461,
        23462,
        23491,
        23493,
        23500,
        23513,
        23530,
        23531,
        23552,
        23572,
        23576,
        23585,
        23595,
        23600,
        23602,
        23638,
        23657,
        23667,
        23673,
        23680,
        23684,
        23690,
        23696,
        23701,
        23800,
        23805,
        23835,
        23838,
        23841,
        23869,
        23921,
        23969,
        23978,
        23989,
        23997,
        24007,
        24028,
        24034,
        24043,
        24073,
        24089,
        24140,
        24149,
        24150,
        24151,
        24160,
        24171,
        24172,
        24176,
        24234,
        24252,
        24253,
        24254,
        24282,
        24295,
        24308,
        24309,
        24318,
        24324,
        24334,
        24341,
        24342,
        24381,
        24383,
        24400,
        24417,
        24445,
        24502,
        24503,
        24552,
        24653,
        24654,
        24655,
        24656,
        24659,
        24719,
        24728,
        24791,
        24792,
        24794,
        24827,
        24835,
        24847,
        24848,
        24914,
        25024,
        25036,
        25037,
        25038,
        25062,
        25092,
        25094,
        25121,
        25135,
        25158,
        25185,
        25193,
        25281,
        25282,
        25308,
        25387,
        25396,
        25397,
        25398,
        25399,
        25400,
        25401,
        25402,
        25410,
        25484,
        25496,
        25502,
        25509,
        25520,
        25529,
        25623,
        25664,
        25764,
        25876,
        25909,
        25912,
        25914,
        25921,
        26023,
        26035,
        26036,
        26104,
        26106,
        26120,
        26125,
        26135,
        26153,
        26154,
        26176,
        26283,
        26290,
        26311,
        26489,
        26490,
        26493,
        26498,
        26533,
        26543,
        26546,
        26632,
        26670,
        26674,
        26682,
        26697,
        26786,
        26801,
        26806,
        26911,
        26920,
        26929,
        26947,
        26954,
        27045,
        27114,
        27171,
        27197,
        27216,
        27232,
        27233,
        27264,
        27334,
        27372,
        27384,
        27398,
        27421,
        27493,
        27503,
        27504,
        27549,
        27666,
        27670,
        27675,
        27691,
        27692,
        27693,
        27755,
        27800,
        27801,
        27820,
        27836,
        27917,
        27931,
        27932,
        27933,
        27940,
        27941,
        27943,
        27962,
        27963,
        27969,
        27975,
        27980,
        28016,
        28082,
        28083,
        28122,
        28140,
        28151,
        28153,
        28163,
        28164,
        28168,
        28169,
        28170,
        28212,
        28269,
        28280,
        28285,
        28291,
        28305,
        28320,
        28343,
        28362,
        28367,
        28380,
        28397,
        28471,
        28475,
        28485,
        28490,
        28499,
        28514,
        28530,
        28539,
        28541,
        28543,
        28555,
        28570,
        28574,
        28655,
        28656,
        28660,
        28664,
        28668,
        28674,
        28679,
        28694,
        28695,
        28710,
        28711,
        28714,
        28720,
        28729,
        28733,
        28739,
        28749,
        28750,
        28761,
        28821,
        28831,
        28838,
        28853,
        28856,
        28867,
        28868,
        28889,
        28893,
        28894,
        28909,
        28932,
        28942,
        28947,
        29009,
        29070,
        29077,
        29084,
        29184,
        29187,
        29200,
        29262,
        29264,
        29333,
        29344,
        29363,
        29369,
        29378,
        29379,
        29395,
        29398,
        29508,
        29542,
        29543,
        29559,
        29560,
        29627,
        29639,
        29642,
        29645,
        29656,
        29728,
        29749,
        29784,
        29802,
        29890,
        29893,
        29894,
        29923,
        29933,
        29962,
        29964,
        29979,
        30034,
        30035,
        30036,
        30037,
        30038,
        30039,
        30040,
        30041,
        30042,
        30059,
        30101,
        30121,
        30221,
        30238,
        30357,
        30377,
        30391,
        30406,
        30424,
        30552,
        30579,
        30583,
        30596,
        30624,
        30663,
        30667,
        30669,
        30685,
        30693,
        30706,
        30759,
        30842,
        30863,
        30961,
        30962,
        30987,
        30994,
        30996,
        31006,
        31045,
        31166,
        31169,
        31246,
        31247,
        31267,
        31278,
        31329,
        31338,
        31344,
        31354,
        31407,
        31465,
        31538,
        31556,
        31560,
        31562,
        31571,
        31601,
        31630,
        31681,
        31686,
        31766,
        31769,
        31773,
        31777,
        31803,
        31838,
        31857,
        31946,
        32017,
        32058,
        32124,
        32129,
        32149,
        32180,
        32188,
        32194,
        32195,
        32197,
        32234,
        32249,
        32269,
        32338,
        32344,
        32367,
        32384,
        32416,
        32438,
        32456,
        32457,
        32458,
        32462,
        32505,
        32511,
        32551,
        32623,
        32625,
        32649,
        32650,
        32651,
        32669,
        32756,
        32799,
        32819,
        32820,
        32824,
        32839,
        32847,
        32848,
        32849,
        32850,
        32851,
        33487,
        33500,
        33505,
        33650,
        33665,
        33673,
        33678,
        33698,
        33726,
        33800,
        33805,
        33808,
        33809,
        33820,
        33823,
        33838,
        33842,
        33846,
        33849,
        33852,
        33869,
        33885,
        33898,
        33925,
        33938,
        33971,
        33978,
        33988,
        34011,
        34066,
        34068,
        34074,
        34076,
        34079,
        34107,
        34108,
        34165,
        34188,
        34205,
        34226,
        34232,
        34233,
        34234,
        34268,
        34290,
        34331,
        34342,
        34352,
        34369,
        34370,
        34381,
        34385,
        34405,
        34411,
        34413,
        34417,
        34421,
        34437,
        34448,
        34488,
        34492,
        34499,
        34504,
        34520,
        34527,
        34587,
        34595,
        34596,
        34597,
        34624,
        34646,
        34653,
        34681,
        34704,
        34723,
        34748,
        34758,
        34769,
        34803,
        34925,
        34960,
        34961,
        34962,
        35018,
        35203,
        35229,
        35302,
        35321,
        35325,
        35326,
        35329,
        35333,
        35339,
        35340,
        35464,
        35467,
        35539,
        35592,
        35617,
        35648,
        35661,
        35668,
        35670,
        35679,
        35693,
        35739,
        35742,
        35754,
        35806,
        35814,
        35844,
        35865,
        35872,
        35921,
        35924,
        35925,
        35927,
        35988,
        36006,
        36031,
        36033,
        36045,
        36055,
        36056,
        36058,
        36062,
        36068,
        36069,
        36070,
        36071,
        36075,
        36079,
        36090,
        36118,
        36132,
        36169,
        36170,
        36185,
        36186,
        36187,
        36275,
        36286,
        36314,
        36315,
        36327,
        36332,
        36333,
        36386,
        36446,
        36454,
        36455,
        36461,
        36473,
        36474,
        36517,
        36522,
        36524,
        36525,
        36532,
        36533,
        36544,
        36547,
        36549,
        36554,
        36557,
        36558,
        36562,
        36568,
        36569,
        36589,
        36622,
        36633,
        36634,
        36635,
        36639,
        36683,
        36713,
        36716,
        36722,
        36723,
        36724,
        36728,
        36730,
        36734,
        36735,
        36744,
        36761,
        36765,
        36767,
        36774,
        36779,
        36787,
        36790,
        36800,
        36835,
        36853,
        36855,
        36864,
        36866,
        36875,
        36881,
        36883,
        36884,
        36899,
        36906,
        36911,
        36917,
        36919,
        36921,
        36922,
        36936,
        36941,
        36947,
        36948,
        36952,
        36961,
        36976,
        36991,
        37011,
        37020,
        37021,
        37026,
        37027,
        37028,
        37029,
        37038,
        37044,
        37045,
        37050,
        37063,
        37070,
        37073,
        37074,
        37083,
        37085,
        37103,
        37104,
        37117,
        37119,
        37124,
        37126,
        37133,
        37144,
        37146,
        37151,
        37155,
        37157,
        37158,
        37161,
        37183,
        37192,
        37196,
        37197,
        37224,
        37225,
        37230,
        37232,
        37242,
        37245,
        37248,
        37251,
        37258,
        37259,
        37261,
        37287,
        37290,
        37297,
        37300,
        37303,
        37319,
        37322,
        37332,
        37335,
        37336,
        37337,
        37338,
        37339,
        37350,
        37355,
        37369,
        37395,
        37413,
        37422,
        37439,
        37447,
        37453,
        37461,
        37476,
        37482,
        37487,
        37489,
        37492,
        37495,
        37496,
        37497,
        37506,
        37510,
        37514,
        37516,
        37549,
        37552,
        37560,
        37563,
        37571,
        37572,
        37574,
        37577,
        37578,
        37581,
        37586,
        37590,
        37608,
        37652,
        37653,
        37654,
        37678,
        37682,
        37709,
        37727,
        37742,
        37756,
        37757,
        37758,
        37759,
        37764,
        37770,
        37773,
        37775,
        37778,
        37785,
        37786,
        37788,
        37798,
        37806,
        37810,
        37824,
        37844,
        37853,
        37854,
        37856,
        37882,
        37890,
        37894,
        37900,
        37912,
        37914,
        37927,
        37933,
        37937,
        37945,
        37960,
        37961,
        37989,
        38000,
        38017,
        38018,
        38019,
        38029,
        38031,
        38052,
        38057,
        38070,
        38071,
        38078,
        38085,
        38089,
        38094,
        38119,
        38128,
        38154,
        38158,
        38171,
        38186,
        38191,
        38195,
        38201,
        38205,
        38210,
        38212,
        38218,
        38240,
        38254,
        38262,
        38270,
        38272,
        38279,
        38321,
        38323,
        38333,
        38337,
        38347,
        38353,
        38362,
        38368,
        38380,
        38400,
        38401,
        38410,
        38433,
        38438,
        38445,
        38446,
        38453,
        38458,
        38462,
        38467,
        38468,
        38479,
        38481,
        38484,
        38486,
        38492,
        38494,
        38495,
        38498,
        38504,
        38507,
        38512,
        38531,
        38537,
        38540,
        38544,
        38551,
        38559,
        38561,
        38571,
        38573,
        38575,
        38606,
        38622,
        38624,
        38625,
        38627,
        38633,
        38637,
        38649,
        38653,
        38658,
        38666,
        38670,
        38671,
        38676,
        38677,
        38687,
        38695,
        38702,
        38703,
        38704,
        38708,
        38712,
        38722,
        38724,
        38740,
        38743,
        38744,
        38746,
        38754,
        38756,
        38768,
        38771,
        38777,
        38795
      ]
    },
    {
      "date": "2026-10-04",
      "uniqueTournamentIds": [
        22,
        42,
        54,
        65,
        97,
        131,
        142,
        145,
        146,
        155,
        166,
        167,
        184,
        186,
        200,
        201,
        204,
        214,
        224,
        232,
        239,
        278,
        307,
        329,
        365,
        402,
        493,
        509,
        512,
        515,
        532,
        544,
        594,
        691,
        703,
        704,
        717,
        721,
        723,
        753,
        776,
        813,
        851,
        853,
        855,
        856,
        857,
        858,
        1044,
        1072,
        1091,
        1095,
        1097,
        1099,
        1101,
        1103,
        1105,
        1109,
        1127,
        1139,
        1191,
        1211,
        1221,
        1226,
        1238,
        1240,
        1347,
        1365,
        1374,
        1376,
        1378,
        1380,
        1382,
        1384,
        1386,
        1388,
        1390,
        1654,
        1662,
        1690,
        1892,
        1908,
        2054,
        2060,
        2065,
        2072,
        2123,
        2127,
        2288,
        2293,
        2294,
        3080,
        3085,
        9386,
        9387,
        9412,
        9415,
        10093,
        10268,
        10307,
        10456,
        10495,
        10499,
        10526,
        10533,
        10553,
        10554,
        10607,
        10609,
        10633,
        10640,
        10641,
        10783,
        11084,
        11085,
        11086,
        11087,
        11088,
        11090,
        11318,
        11338,
        11346,
        11347,
        11348,
        11349,
        11350,
        11351,
        11356,
        11357,
        11358,
        11359,
        11360,
        11361,
        11362,
        11363,
        11364,
        11365,
        11366,
        11367,
        11386,
        11401,
        11445,
        11446,
        11447,
        11509,
        11534,
        11537,
        11539,
        11611,
        11617,
        11619,
        11671,
        13362,
        13363,
        13470,
        13593,
        13859,
        13994,
        14090,
        14100,
        15016,
        15273,
        15922,
        15930,
        15931,
        15934,
        15935,
        15936,
        15939,
        15940,
        15941,
        15946,
        15960,
        15981,
        15983,
        15991,
        15992,
        15996,
        16325,
        16327,
        16338,
        16347,
        16348,
        16362,
        16368,
        16383,
        16384,
        16391,
        16401,
        16407,
        16408,
        16409,
        16411,
        16420,
        16421,
        16424,
        16430,
        16432,
        16433,
        16434,
        16435,
        16444,
        16473,
        16479,
        16484,
        16495,
        16504,
        16505,
        16510,
        16511,
        16544,
        16545,
        16551,
        16555,
        16557,
        16577,
        16607,
        16609,
        16614,
        16627,
        16637,
        16652,
        16655,
        16663,
        16676,
        16682,
        16686,
        16701,
        16730,
        16749,
        16755,
        16786,
        16788,
        16802,
        16805,
        16806,
        16838,
        16839,
        16840,
        16841,
        16845,
        16846,
        16864,
        16865,
        16869,
        16877,
        16890,
        16915,
        16918,
        17073,
        17114,
        17131,
        17141,
        17157,
        17165,
        17167,
        17168,
        17180,
        17191,
        17204,
        17208,
        17209,
        17210,
        17211,
        17212,
        17219,
        17225,
        17226,
        17241,
        17242,
        17255,
        17257,
        17270,
        17297,
        17306,
        17313,
        17315,
        17340,
        17346,
        17366,
        17368,
        17369,
        17373,
        17376,
        17394,
        17396,
        17400,
        17403,
        18218,
        18221,
        18236,
        18240,
        18242,
        18264,
        18275,
        18278,
        18279,
        18282,
        18283,
        18284,
        18285,
        18289,
        18296,
        18297,
        18301,
        18304,
        18306,
        18309,
        18320,
        18323,
        18330,
        18333,
        18352,
        18353,
        18355,
        18358,
        18387,
        18391,
        18392,
        18393,
        18396,
        18405,
        18408,
        18412,
        18424,
        18426,
        18430,
        18432,
        18437,
        18440,
        18449,
        18451,
        18469,
        18481,
        18488,
        18489,
        18497,
        18522,
        18725,
        18772,
        18834,
        18875,
        18882,
        18908,
        18912,
        18918,
        18919,
        18944,
        19010,
        19015,
        19016,
        19028,
        19033,
        19038,
        19051,
        19069,
        19071,
        19073,
        19092,
        19103,
        19109,
        19114,
        19124,
        19131,
        19132,
        19137,
        19162,
        19183,
        19208,
        19219,
        19235,
        19237,
        19251,
        19252,
        19253,
        19257,
        19276,
        19277,
        19278,
        19282,
        19283,
        19290,
        19293,
        19296,
        19300,
        19301,
        19314,
        19315,
        19321,
        19325,
        19336,
        19339,
        19346,
        19363,
        19374,
        19394,
        19398,
        19403,
        19404,
        19410,
        19411,
        19427,
        19438,
        19493,
        19524,
        19543,
        19548,
        19558,
        19559,
        19562,
        19563,
        19568,
        19570,
        19585,
        19587,
        19632,
        19636,
        19638,
        19639,
        19640,
        19644,
        19657,
        19665,
        19666,
        19674,
        19677,
        19684,
        19716,
        19718,
        19752,
        19757,
        19761,
        19768,
        19830,
        19836,
        19860,
        19866,
        19867,
        19869,
        19888,
        19891,
        19894,
        19936,
        19957,
        19968,
        19969,
        19980,
        20023,
        20066,
        20071,
        20094,
        20095,
        20118,
        20140,
        20167,
        20168,
        20172,
        20209,
        20213,
        20223,
        20270,
        20271,
        20292,
        20318,
        20329,
        20337,
        20338,
        20369,
        20373,
        20426,
        20434,
        20439,
        20465,
        20694,
        20698,
        20703,
        20706,
        20720,
        20722,
        20731,
        20740,
        20758,
        20759,
        20768,
        20803,
        20862,
        20870,
        20871,
        20929,
        20930,
        20932,
        20946,
        20947,
        20948,
        20949,
        20950,
        20964,
        20971,
        20976,
        20979,
        20980,
        20982,
        20983,
        21004,
        21025,
        21029,
        21045,
        21050,
        21056,
        21080,
        21148,
        21204,
        21209,
        21215,
        21253,
        21261,
        21298,
        21338,
        21339,
        21340,
        21341,
        21342,
        21343,
        21344,
        21345,
        21377,
        21397,
        21406,
        21409,
        21424,
        21490,
        21531,
        21532,
        21537,
        21556,
        21564,
        21722,
        21804,
        21816,
        21919,
        21951,
        21952,
        21953,
        21954,
        21969,
        21975,
        21987,
        21993,
        22003,
        22027,
        22043,
        22051,
        22057,
        22063,
        22105,
        22117,
        22133,
        22134,
        22135,
        22139,
        22154,
        22224,
        22240,
        22250,
        22371,
        22378,
        22382,
        22400,
        22430,
        22431,
        22432,
        22446,
        22448,
        22492,
        22506,
        22527,
        22542,
        22563,
        22592,
        22614,
        22619,
        22699,
        22700,
        22702,
        22703,
        22706,
        22711,
        22714,
        22723,
        22724,
        22726,
        22729,
        22740,
        22758,
        22763,
        22776,
        22818,
        22855,
        22881,
        22892,
        22893,
        22894,
        22907,
        22914,
        22925,
        22926,
        22927,
        22934,
        22977,
        23011,
        23038,
        23041,
        23046,
        23050,
        23057,
        23059,
        23065,
        23070,
        23077,
        23084,
        23095,
        23108,
        23109,
        23147,
        23154,
        23180,
        23188,
        23192,
        23197,
        23203,
        23204,
        23214,
        23216,
        23226,
        23229,
        23230,
        23231,
        23240,
        23244,
        23249,
        23274,
        23294,
        23298,
        23301,
        23302,
        23311,
        23338,
        23349,
        23350,
        23371,
        23402,
        23422,
        23436,
        23445,
        23457,
        23461,
        23462,
        23487,
        23500,
        23513,
        23530,
        23531,
        23572,
        23573,
        23585,
        23600,
        23602,
        23624,
        23638,
        23656,
        23657,
        23667,
        23673,
        23684,
        23696,
        23701,
        23715,
        23800,
        23805,
        23835,
        23838,
        23841,
        23921,
        23978,
        23989,
        23997,
        24007,
        24022,
        24028,
        24041,
        24043,
        24073,
        24089,
        24140,
        24149,
        24150,
        24151,
        24160,
        24171,
        24176,
        24194,
        24209,
        24249,
        24253,
        24254,
        24308,
        24318,
        24334,
        24383,
        24400,
        24420,
        24445,
        24503,
        24608,
        24653,
        24654,
        24655,
        24656,
        24659,
        24719,
        24728,
        24741,
        24791,
        24794,
        24835,
        24847,
        24930,
        25035,
        25059,
        25092,
        25094,
        25121,
        25158,
        25159,
        25192,
        25212,
        25282,
        25308,
        25387,
        25396,
        25397,
        25398,
        25399,
        25400,
        25401,
        25402,
        25484,
        25496,
        25502,
        25520,
        25633,
        25770,
        25795,
        25853,
        25904,
        25914,
        25991,
        26023,
        26035,
        26036,
        26106,
        26120,
        26135,
        26136,
        26153,
        26154,
        26160,
        26176,
        26283,
        26290,
        26371,
        26478,
        26498,
        26543,
        26546,
        26632,
        26674,
        26682,
        26806,
        26906,
        26947,
        27045,
        27114,
        27197,
        27207,
        27216,
        27232,
        27233,
        27264,
        27318,
        27372,
        27384,
        27398,
        27406,
        27492,
        27503,
        27504,
        27549,
        27586,
        27670,
        27675,
        27691,
        27693,
        27755,
        27801,
        27820,
        27917,
        27933,
        27940,
        27941,
        27975,
        27980,
        28081,
        28082,
        28083,
        28122,
        28151,
        28158,
        28165,
        28168,
        28169,
        28170,
        28212,
        28281,
        28291,
        28320,
        28343,
        28350,
        28362,
        28384,
        28471,
        28475,
        28485,
        28490,
        28499,
        28530,
        28541,
        28543,
        28555,
        28570,
        28574,
        28655,
        28656,
        28660,
        28668,
        28674,
        28683,
        28697,
        28710,
        28714,
        28724,
        28729,
        28749,
        28821,
        28838,
        28868,
        28869,
        28893,
        28894,
        28896,
        28932,
        28947,
        29009,
        29077,
        29084,
        29096,
        29179,
        29184,
        29200,
        29222,
        29262,
        29264,
        29333,
        29344,
        29369,
        29378,
        29395,
        29426,
        29508,
        29542,
        29543,
        29627,
        29642,
        29643,
        29728,
        29732,
        29749,
        29784,
        29794,
        29802,
        29893,
        29894,
        29923,
        29962,
        29964,
        29979,
        30029,
        30030,
        30031,
        30036,
        30042,
        30043,
        30056,
        30075,
        30191,
        30206,
        30227,
        30238,
        30375,
        30391,
        30428,
        30521,
        30572,
        30579,
        30583,
        30596,
        30624,
        30663,
        30667,
        30669,
        30675,
        30685,
        30693,
        30702,
        30706,
        30726,
        30759,
        30961,
        30962,
        30996,
        31006,
        31010,
        31021,
        31045,
        31055,
        31149,
        31166,
        31169,
        31174,
        31189,
        31190,
        31206,
        31246,
        31247,
        31267,
        31278,
        31329,
        31338,
        31354,
        31407,
        31434,
        31465,
        31466,
        31538,
        31539,
        31556,
        31559,
        31560,
        31562,
        31571,
        31605,
        31630,
        31642,
        31681,
        31687,
        31688,
        31696,
        31766,
        31774,
        31790,
        31803,
        31822,
        31823,
        31827,
        31835,
        31838,
        31857,
        31946,
        32058,
        32123,
        32129,
        32180,
        32188,
        32193,
        32194,
        32195,
        32240,
        32249,
        32269,
        32344,
        32367,
        32438,
        32456,
        32457,
        32458,
        32505,
        32511,
        32551,
        32623,
        32625,
        32650,
        32651,
        32732,
        32736,
        32756,
        32781,
        32819,
        32820,
        32824,
        32830,
        32839,
        33487,
        33500,
        33665,
        33673,
        33721,
        33808,
        33809,
        33820,
        33838,
        33842,
        33846,
        33849,
        33852,
        33925,
        33971,
        33974,
        33978,
        33988,
        34066,
        34067,
        34079,
        34107,
        34109,
        34110,
        34111,
        34112,
        34159,
        34160,
        34176,
        34185,
        34188,
        34233,
        34234,
        34240,
        34268,
        34283,
        34328,
        34331,
        34337,
        34342,
        34358,
        34369,
        34370,
        34381,
        34405,
        34411,
        34413,
        34417,
        34421,
        34437,
        34488,
        34492,
        34499,
        34504,
        34520,
        34527,
        34587,
        34614,
        34624,
        34653,
        34769,
        34803,
        34924,
        34925,
        34960,
        34961,
        34962,
        34982,
        35018,
        35019,
        35065,
        35103,
        35174,
        35204,
        35229,
        35277,
        35301,
        35307,
        35321,
        35326,
        35329,
        35331,
        35333,
        35337,
        35338,
        35464,
        35471,
        35511,
        35513,
        35539,
        35579,
        35586,
        35592,
        35610,
        35617,
        35648,
        35660,
        35661,
        35665,
        35666,
        35668,
        35669,
        35670,
        35671,
        35675,
        35679,
        35691,
        35693,
        35739,
        35742,
        35754,
        35814,
        35850,
        35865,
        35872,
        35925,
        35927,
        35944,
        36031,
        36033,
        36045,
        36055,
        36058,
        36069,
        36070,
        36071,
        36072,
        36073,
        36074,
        36075,
        36079,
        36080,
        36081,
        36083,
        36087,
        36103,
        36117,
        36118,
        36169,
        36170,
        36175,
        36185,
        36186,
        36187,
        36191,
        36223,
        36274,
        36275,
        36310,
        36314,
        36315,
        36327,
        36332,
        36333,
        36384,
        36386,
        36438,
        36446,
        36454,
        36455,
        36461,
        36497,
        36517,
        36522,
        36525,
        36532,
        36544,
        36549,
        36552,
        36561,
        36596,
        36636,
        36639,
        36665,
        36683,
        36691,
        36713,
        36722,
        36723,
        36734,
        36743,
        36744,
        36745,
        36756,
        36765,
        36767,
        36770,
        36781,
        36784,
        36786,
        36787,
        36793,
        36800,
        36804,
        36806,
        36810,
        36811,
        36812,
        36835,
        36855,
        36857,
        36858,
        36859,
        36864,
        36865,
        36866,
        36872,
        36873,
        36881,
        36883,
        36884,
        36899,
        36906,
        36919,
        36924,
        36936,
        36947,
        36948,
        36949,
        36950,
        36951,
        36952,
        36961,
        36972,
        36976,
        36977,
        36991,
        37020,
        37026,
        37027,
        37028,
        37038,
        37044,
        37045,
        37048,
        37050,
        37070,
        37073,
        37074,
        37083,
        37085,
        37124,
        37133,
        37143,
        37146,
        37148,
        37151,
        37155,
        37157,
        37158,
        37160,
        37183,
        37196,
        37197,
        37229,
        37232,
        37258,
        37259,
        37262,
        37290,
        37294,
        37297,
        37300,
        37322,
        37328,
        37332,
        37335,
        37336,
        37337,
        37338,
        37362,
        37401,
        37405,
        37431,
        37439,
        37447,
        37463,
        37464,
        37466,
        37467,
        37472,
        37476,
        37482,
        37484,
        37485,
        37489,
        37506,
        37510,
        37516,
        37518,
        37522,
        37536,
        37541,
        37549,
        37552,
        37553,
        37555,
        37563,
        37571,
        37575,
        37577,
        37578,
        37580,
        37581,
        37586,
        37590,
        37594,
        37606,
        37608,
        37652,
        37653,
        37654,
        37655,
        37664,
        37678,
        37680,
        37696,
        37728,
        37748,
        37752,
        37764,
        37766,
        37768,
        37773,
        37785,
        37793,
        37798,
        37810,
        37818,
        37837,
        37839,
        37842,
        37843,
        37844,
        37854,
        37882,
        37889,
        37890,
        37894,
        37900,
        37905,
        37914,
        37932,
        37935,
        37936,
        37937,
        37945,
        37958,
        37989,
        38017,
        38029,
        38031,
        38046,
        38052,
        38057,
        38070,
        38071,
        38078,
        38111,
        38119,
        38122,
        38128,
        38133,
        38154,
        38158,
        38171,
        38174,
        38175,
        38176,
        38183,
        38184,
        38185,
        38187,
        38192,
        38193,
        38194,
        38195,
        38205,
        38212,
        38218,
        38235,
        38240,
        38241,
        38250,
        38254,
        38262,
        38270,
        38271,
        38272,
        38279,
        38321,
        38323,
        38333,
        38353,
        38362,
        38368,
        38379,
        38400,
        38401,
        38410,
        38415,
        38417,
        38425,
        38431,
        38438,
        38444,
        38445,
        38447,
        38453,
        38462,
        38467,
        38477,
        38479,
        38481,
        38484,
        38492,
        38494,
        38495,
        38498,
        38503,
        38504,
        38523,
        38524,
        38531,
        38537,
        38540,
        38551,
        38559,
        38564,
        38573,
        38575,
        38625,
        38627,
        38633,
        38637,
        38649,
        38653,
        38658,
        38662,
        38666,
        38669,
        38670,
        38685,
        38695,
        38696,
        38702,
        38704,
        38705,
        38708,
        38713,
        38715,
        38716,
        38722,
        38724,
        38743,
        38744,
        38755,
        38767,
        38768,
        38770,
        38795
      ]
    },
    {
      "date": "2026-10-05",
      "uniqueTournamentIds": [
        22,
        26,
        54,
        97,
        155,
        186,
        224,
        278,
        691,
        703,
        721,
        851,
        853,
        854,
        856,
        857,
        858,
        1131,
        1211,
        1238,
        1254,
        1347,
        1892,
        10641,
        10783,
        11082,
        11083,
        11087,
        11338,
        11341,
        11386,
        11537,
        11539,
        11541,
        11564,
        11619,
        13593,
        13946,
        14100,
        15946,
        16408,
        16681,
        16702,
        18218,
        18296,
        18352,
        18469,
        18725,
        18772,
        18934,
        19124,
        19275,
        19869,
        20071,
        20223,
        20426,
        20750,
        20768,
        20796,
        20862,
        20893,
        21235,
        21397,
        22154,
        22545,
        22546,
        22651,
        22711,
        22714,
        22759,
        23048,
        23255,
        23379,
        23406,
        23407,
        23424,
        23487,
        23725,
        24021,
        24114,
        24151,
        24194,
        24309,
        24324,
        24342,
        24417,
        25062,
        25770,
        25864,
        25871,
        25991,
        26134,
        26242,
        27221,
        28081,
        28165,
        28729,
        28757,
        28868,
        28918,
        28932,
        29030,
        29061,
        29238,
        29266,
        29341,
        29369,
        29668,
        29749,
        30203,
        30206,
        30850,
        30962,
        30987,
        31247,
        31533,
        31551,
        31560,
        31571,
        31600,
        31605,
        31651,
        31652,
        31667,
        31772,
        32194,
        32438,
        32457,
        32641,
        32668,
        32732,
        32852,
        33487,
        33664,
        33678,
        33808,
        33809,
        33869,
        33886,
        33898,
        34085,
        34203,
        34290,
        34326,
        34342,
        34413,
        34490,
        34530,
        34587,
        34614,
        34643,
        34727,
        35019,
        35065,
        35143,
        35325,
        35355,
        35617,
        35647,
        35668,
        35679,
        35843,
        36031,
        36033,
        36074,
        36103,
        36170,
        36241,
        36275,
        36332,
        36385,
        36438,
        36635,
        36639,
        36691,
        36730,
        36767,
        36787,
        36880,
        36906,
        36961,
        37027,
        37028,
        37045,
        37085,
        37133,
        37161,
        37173,
        37196,
        37197,
        37229,
        37251,
        37300,
        37332,
        37438,
        37439,
        37491,
        37492,
        37493,
        37494,
        37495,
        37497,
        37499,
        37510,
        37518,
        37542,
        37553,
        37555,
        37642,
        37652,
        37653,
        37654,
        37664,
        37671,
        37727,
        37732,
        37744,
        37748,
        37770,
        37806,
        37824,
        37837,
        37896,
        37897,
        37958,
        37989,
        38031,
        38064,
        38072,
        38073,
        38132,
        38133,
        38152,
        38179,
        38191,
        38205,
        38240,
        38254,
        38280,
        38322,
        38333,
        38392,
        38410,
        38430,
        38452,
        38481,
        38487,
        38503,
        38510,
        38511,
        38575,
        38696,
        38706,
        38714,
        38744,
        38745,
        38751,
        38759
      ]
    },
    {
      "date": "2026-10-06",
      "uniqueTournamentIds": [
        19,
        26,
        29,
        42,
        80,
        96,
        155,
        174,
        312,
        334,
        348,
        390,
        532,
        622,
        717,
        746,
        756,
        782,
        841,
        851,
        853,
        855,
        856,
        857,
        858,
        1072,
        1111,
        1131,
        1211,
        1221,
        1238,
        1254,
        1307,
        1327,
        1644,
        1848,
        1892,
        2302,
        3087,
        10297,
        10381,
        10528,
        10783,
        11088,
        11341,
        11342,
        11386,
        11534,
        11539,
        11541,
        11564,
        13821,
        13946,
        14100,
        15946,
        16328,
        16677,
        16760,
        17242,
        17395,
        18315,
        18539,
        18817,
        18944,
        19126,
        19275,
        19315,
        19891,
        20023,
        20360,
        20426,
        20465,
        20758,
        20980,
        21344,
        21485,
        21955,
        21969,
        22075,
        22105,
        22154,
        22545,
        22546,
        22800,
        22902,
        22930,
        22931,
        22942,
        22956,
        22958,
        22962,
        22977,
        23018,
        23025,
        23046,
        23065,
        23095,
        23109,
        23139,
        23204,
        23214,
        23298,
        23487,
        23552,
        23571,
        23839,
        23911,
        24029,
        24034,
        24194,
        24252,
        24309,
        24324,
        24342,
        24351,
        24383,
        24417,
        24502,
        24792,
        24848,
        25024,
        25159,
        25399,
        25400,
        25664,
        25770,
        25864,
        25911,
        25921,
        26670,
        26680,
        26771,
        26906,
        27221,
        27549,
        27675,
        27691,
        27755,
        27923,
        28081,
        28126,
        28163,
        28269,
        28541,
        28543,
        28555,
        28729,
        28757,
        28868,
        28918,
        28942,
        29013,
        29061,
        29222,
        29238,
        29247,
        29341,
        29560,
        29639,
        29668,
        29894,
        30263,
        30424,
        30430,
        30530,
        30706,
        30850,
        30987,
        31055,
        31201,
        31345,
        31522,
        31551,
        32125,
        32134,
        32151,
        32168,
        32234,
        32798,
        33678,
        33869,
        33895,
        34085,
        34165,
        34326,
        34331,
        34421,
        34707,
        34748,
        35067,
        35325,
        35338,
        35371,
        35616,
        35617,
        35647,
        35648,
        35661,
        35668,
        35754,
        35843,
        35849,
        36031,
        36033,
        36056,
        36064,
        36068,
        36075,
        36090,
        36169,
        36170,
        36175,
        36213,
        36333,
        36438,
        36474,
        36691,
        36713,
        36777,
        36802,
        36812,
        36936,
        36961,
        37027,
        37158,
        37173,
        37224,
        37225,
        37232,
        37251,
        37300,
        37332,
        37338,
        37358,
        37430,
        37438,
        37439,
        37469,
        37476,
        37499,
        37506,
        37510,
        37518,
        37542,
        37555,
        37590,
        37622,
        37643,
        37652,
        37653,
        37654,
        37671,
        37681,
        37699,
        37818,
        37853,
        37958,
        38029,
        38132,
        38133,
        38143,
        38152,
        38186,
        38191,
        38205,
        38254,
        38280,
        38362,
        38392,
        38469,
        38637,
        38699,
        38714,
        38745,
        38759,
        38792
      ]
    },
    {
      "date": "2026-10-07",
      "uniqueTournamentIds": [
        41,
        96,
        142,
        155,
        242,
        323,
        325,
        390,
        544,
        731,
        736,
        740,
        746,
        753,
        756,
        772,
        782,
        841,
        851,
        1062,
        1111,
        1131,
        1211,
        1221,
        1238,
        1307,
        1327,
        1365,
        1374,
        2060,
        2284,
        2308,
        2736,
        9387,
        9491,
        10166,
        10240,
        10297,
        10381,
        10528,
        10533,
        11033,
        11340,
        11356,
        13362,
        13470,
        13684,
        14100,
        15934,
        15946,
        16336,
        16422,
        16439,
        16681,
        16736,
        16786,
        17073,
        17167,
        17181,
        17315,
        17395,
        17400,
        18297,
        18387,
        18489,
        18491,
        18559,
        18760,
        18817,
        18836,
        18877,
        18908,
        18934,
        18944,
        19183,
        19220,
        19252,
        19275,
        19315,
        19653,
        19891,
        20001,
        20023,
        20066,
        20102,
        20337,
        20360,
        20758,
        20759,
        20797,
        20803,
        20862,
        20893,
        20938,
        20994,
        21045,
        21133,
        21137,
        21150,
        21151,
        21181,
        21226,
        21271,
        21491,
        21621,
        21662,
        21969,
        21973,
        22020,
        22063,
        22075,
        22117,
        22154,
        22216,
        22237,
        22510,
        22514,
        22563,
        22592,
        22777,
        22794,
        22800,
        22895,
        22902,
        22934,
        22942,
        22943,
        22958,
        22963,
        22977,
        23018,
        23042,
        23046,
        23077,
        23109,
        23128,
        23139,
        23174,
        23196,
        23219,
        23276,
        23293,
        23298,
        23331,
        23360,
        23378,
        23502,
        23552,
        23728,
        23839,
        23911,
        24034,
        24040,
        24055,
        24114,
        24150,
        24151,
        24160,
        24188,
        24194,
        24252,
        24309,
        24324,
        24342,
        24381,
        24383,
        24417,
        24434,
        24792,
        24848,
        25282,
        25389,
        25795,
        25864,
        26004,
        26370,
        26670,
        26680,
        26697,
        26813,
        26840,
        26906,
        27045,
        27197,
        27221,
        27675,
        27695,
        27963,
        28165,
        28308,
        28531,
        28540,
        28541,
        28543,
        28559,
        28710,
        28711,
        28720,
        28733,
        28822,
        28868,
        28917,
        28918,
        28932,
        28942,
        29052,
        29061,
        29247,
        29341,
        29531,
        29556,
        29639,
        30201,
        30263,
        30357,
        30424,
        30486,
        31192,
        31522,
        31688,
        31749,
        31772,
        31934,
        32042,
        32058,
        32180,
        32456,
        32457,
        32642,
        32668,
        32831,
        33732,
        33807,
        33820,
        33823,
        33869,
        33895,
        34085,
        34205,
        34240,
        34268,
        34298,
        34333,
        34385,
        34643,
        34727,
        34731,
        35019,
        35338,
        35371,
        35467,
        35515,
        35539,
        35693,
        35754,
        35814,
        35849,
        36031,
        36033,
        36055,
        36064,
        36071,
        36079,
        36315,
        36385,
        36386,
        36474,
        36589,
        36760,
        36777,
        36802,
        36812,
        36855,
        36865,
        36880,
        36895,
        36950,
        36971,
        36976,
        37011,
        37070,
        37119,
        37133,
        37147,
        37251,
        37258,
        37322,
        37332,
        37339,
        37396,
        37430,
        37438,
        37439,
        37469,
        37476,
        37516,
        37518,
        37560,
        37570,
        37590,
        37603,
        37606,
        37652,
        37653,
        37654,
        37664,
        37671,
        37729,
        37770,
        37806,
        37810,
        37837,
        37853,
        37896,
        38000,
        38018,
        38029,
        38089,
        38094,
        38119,
        38132,
        38133,
        38205,
        38210,
        38323,
        38338,
        38348,
        38366,
        38392,
        38408,
        38410,
        38564,
        38699,
        38706,
        38722,
        38738,
        38740,
        38747,
        38759,
        38762,
        38792
      ]
    },
    {
      "date": "2026-10-08",
      "uniqueTournamentIds": [
        41,
        96,
        152,
        154,
        192,
        325,
        390,
        406,
        562,
        626,
        672,
        736,
        740,
        785,
        825,
        841,
        852,
        853,
        915,
        929,
        937,
        1058,
        1062,
        1238,
        1307,
        1369,
        1892,
        2120,
        2295,
        2353,
        9459,
        9491,
        10166,
        10240,
        10297,
        10533,
        10536,
        10641,
        11033,
        11364,
        11365,
        11539,
        13362,
        15946,
        16641,
        16760,
        16789,
        17027,
        17131,
        18396,
        18491,
        18559,
        18772,
        18817,
        18877,
        18944,
        19315,
        19410,
        19869,
        19891,
        20044,
        20759,
        20893,
        20976,
        21607,
        21931,
        22397,
        22546,
        22943,
        22977,
        23038,
        23065,
        23077,
        23109,
        23128,
        23292,
        23299,
        23424,
        23502,
        24034,
        24040,
        24055,
        24194,
        24309,
        24324,
        24342,
        24381,
        24383,
        24417,
        24502,
        24792,
        25034,
        25484,
        25795,
        25805,
        25864,
        25871,
        25911,
        25985,
        26680,
        27221,
        27586,
        27675,
        28165,
        28308,
        28368,
        28479,
        28530,
        28541,
        28543,
        28825,
        28868,
        28932,
        29061,
        29179,
        30203,
        30206,
        30273,
        30373,
        30424,
        31247,
        31522,
        31651,
        31688,
        31749,
        31772,
        31774,
        32134,
        32180,
        32249,
        33678,
        33693,
        33807,
        33808,
        33820,
        33823,
        33939,
        34066,
        34290,
        34421,
        34707,
        34748,
        35338,
        35340,
        35515,
        35666,
        35670,
        35754,
        35814,
        36031,
        36033,
        36064,
        36192,
        36274,
        36290,
        36385,
        36438,
        36474,
        36589,
        36713,
        36802,
        36812,
        36866,
        36906,
        36936,
        37027,
        37133,
        37192,
        37196,
        37225,
        37230,
        37251,
        37332,
        37430,
        37438,
        37439,
        37465,
        37476,
        37506,
        37518,
        37519,
        37586,
        37606,
        37622,
        37652,
        37654,
        37671,
        37732,
        37742,
        37837,
        37841,
        37853,
        37894,
        38029,
        38031,
        38052,
        38132,
        38133,
        38205,
        38219,
        38254,
        38280,
        38366,
        38397,
        38433,
        38508,
        38637,
        38690,
        38698,
        38704,
        38714,
        38747,
        38762,
        38792
      ]
    },
    {
      "date": "2026-10-09",
      "uniqueTournamentIds": [
        8,
        9,
        18,
        20,
        34,
        35,
        37,
        38,
        39,
        40,
        41,
        42,
        44,
        47,
        52,
        53,
        55,
        98,
        131,
        135,
        142,
        145,
        152,
        155,
        166,
        169,
        170,
        171,
        172,
        173,
        182,
        192,
        193,
        195,
        196,
        200,
        202,
        203,
        204,
        205,
        216,
        218,
        229,
        238,
        239,
        240,
        254,
        278,
        325,
        410,
        491,
        508,
        509,
        515,
        532,
        629,
        649,
        672,
        674,
        676,
        678,
        691,
        701,
        709,
        710,
        724,
        727,
        736,
        738,
        740,
        746,
        753,
        772,
        777,
        780,
        785,
        813,
        822,
        825,
        841,
        846,
        852,
        879,
        915,
        929,
        937,
        947,
        955,
        1002,
        1015,
        1032,
        1079,
        1083,
        1085,
        1089,
        1091,
        1103,
        1105,
        1109,
        1135,
        1238,
        1254,
        1347,
        1365,
        1369,
        1542,
        1592,
        1644,
        2072,
        2293,
        2295,
        2308,
        2353,
        9387,
        9413,
        9459,
        9491,
        10166,
        10268,
        10308,
        10511,
        10535,
        10536,
        10608,
        10641,
        10665,
        11086,
        11087,
        11088,
        11315,
        11316,
        11317,
        11318,
        11341,
        11351,
        11361,
        11363,
        11364,
        11420,
        11445,
        11509,
        11535,
        11537,
        11539,
        11611,
        11613,
        11617,
        11619,
        11653,
        13363,
        13474,
        13820,
        13821,
        13859,
        13946,
        13959,
        15272,
        15946,
        15979,
        15991,
        16504,
        16554,
        16601,
        16607,
        16663,
        16736,
        16760,
        16779,
        16785,
        16789,
        16796,
        16797,
        16804,
        16809,
        16817,
        16826,
        16892,
        17072,
        17073,
        17225,
        18408,
        18772,
        18913,
        18944,
        19071,
        19086,
        19103,
        19122,
        19131,
        19132,
        19252,
        19290,
        19315,
        19325,
        19524,
        19807,
        19891,
        19980,
        20071,
        20102,
        20318,
        20426,
        20434,
        20439,
        20750,
        20758,
        20759,
        20767,
        20796,
        20898,
        20902,
        20932,
        20976,
        20980,
        21531,
        21792,
        21931,
        22135,
        22205,
        22224,
        22252,
        22446,
        22563,
        22724,
        22740,
        22758,
        22759,
        22800,
        22914,
        22962,
        22977,
        23042,
        23046,
        23077,
        23139,
        23219,
        23229,
        23244,
        23292,
        23366,
        23406,
        23407,
        23436,
        23454,
        23473,
        23667,
        23670,
        23684,
        23725,
        23800,
        24034,
        24040,
        24203,
        24234,
        24309,
        24324,
        24342,
        24381,
        24383,
        24417,
        24434,
        24502,
        24914,
        25272,
        25529,
        25664,
        25764,
        25864,
        25871,
        25904,
        26035,
        26037,
        26533,
        26628,
        26648,
        26806,
        27221,
        27492,
        27670,
        27675,
        27801,
        27820,
        27931,
        27932,
        27933,
        27940,
        27941,
        27943,
        27969,
        27980,
        28016,
        28151,
        28306,
        28384,
        28479,
        28525,
        28530,
        28540,
        28541,
        28543,
        28821,
        28868,
        28893,
        28909,
        28932,
        28942,
        29061,
        29369,
        30373,
        30424,
        30558,
        30624,
        31056,
        31556,
        31651,
        31773,
        32131,
        32149,
        32249,
        32338,
        32551,
        32625,
        32668,
        33673,
        33678,
        33807,
        33820,
        33823,
        33838,
        33849,
        33886,
        33925,
        33938,
        33939,
        34068,
        34085,
        34093,
        34201,
        34240,
        34268,
        34290,
        34411,
        34412,
        34960,
        35018,
        35055,
        35143,
        35661,
        35666,
        35670,
        35676,
        35742,
        35754,
        35843,
        35865,
        35924,
        35925,
        35927,
        36031,
        36033,
        36063,
        36096,
        36213,
        36274,
        36315,
        36438,
        36474,
        36525,
        36547,
        36684,
        36767,
        36866,
        36879,
        36906,
        36917,
        36951,
        36973,
        37026,
        37027,
        37119,
        37287,
        37332,
        37372,
        37395,
        37401,
        37428,
        37439,
        37447,
        37476,
        37506,
        37518,
        37555,
        37606,
        37652,
        37654,
        37671,
        37810,
        37960,
        38029,
        38031,
        38052,
        38119,
        38128,
        38133,
        38158,
        38230,
        38338,
        38410,
        38438,
        38473,
        38485,
        38523,
        38606,
        38631,
        38637,
        38690,
        38695,
        38696,
        38708,
        38714,
        38747,
        38795
      ]
    },
    {
      "date": "2026-10-10",
      "uniqueTournamentIds": [
        8,
        9,
        17,
        18,
        20,
        23,
        24,
        25,
        34,
        35,
        36,
        37,
        38,
        40,
        41,
        42,
        44,
        45,
        46,
        47,
        52,
        53,
        54,
        65,
        97,
        98,
        135,
        142,
        145,
        146,
        150,
        152,
        154,
        155,
        166,
        167,
        169,
        170,
        171,
        172,
        173,
        174,
        176,
        178,
        182,
        184,
        185,
        186,
        187,
        188,
        195,
        196,
        197,
        198,
        199,
        200,
        202,
        203,
        204,
        205,
        206,
        207,
        209,
        210,
        211,
        212,
        215,
        218,
        222,
        224,
        229,
        231,
        238,
        239,
        240,
        242,
        247,
        254,
        266,
        278,
        325,
        402,
        406,
        410,
        491,
        493,
        508,
        509,
        512,
        515,
        532,
        544,
        562,
        594,
        626,
        629,
        630,
        634,
        649,
        671,
        673,
        674,
        676,
        677,
        678,
        682,
        685,
        691,
        692,
        701,
        703,
        704,
        709,
        710,
        715,
        716,
        717,
        718,
        720,
        721,
        722,
        724,
        726,
        736,
        738,
        742,
        746,
        753,
        771,
        772,
        776,
        777,
        782,
        813,
        825,
        846,
        852,
        915,
        929,
        937,
        947,
        955,
        984,
        1002,
        1015,
        1032,
        1079,
        1083,
        1085,
        1089,
        1091,
        1093,
        1095,
        1097,
        1099,
        1101,
        1103,
        1109,
        1111,
        1125,
        1129,
        1131,
        1133,
        1135,
        1191,
        1238,
        1240,
        1254,
        1281,
        1327,
        1339,
        1347,
        1365,
        1460,
        1542,
        1592,
        1644,
        1786,
        1900,
        1906,
        1908,
        2060,
        2065,
        2072,
        2132,
        2292,
        2293,
        2294,
        2308,
        2353,
        3090,
        9386,
        9387,
        9413,
        10093,
        10166,
        10240,
        10268,
        10308,
        10456,
        10511,
        10534,
        10535,
        10554,
        10580,
        10608,
        10633,
        10641,
        10665,
        11033,
        11082,
        11083,
        11084,
        11085,
        11086,
        11087,
        11088,
        11090,
        11105,
        11315,
        11316,
        11317,
        11318,
        11340,
        11342,
        11346,
        11347,
        11348,
        11349,
        11350,
        11351,
        11356,
        11357,
        11359,
        11360,
        11361,
        11362,
        11364,
        11365,
        11366,
        11367,
        11386,
        11401,
        11402,
        11414,
        11420,
        11445,
        11446,
        11447,
        11509,
        11534,
        11535,
        11537,
        11539,
        11541,
        11611,
        11613,
        11617,
        11619,
        11621,
        11653,
        11671,
        13362,
        13363,
        13470,
        13474,
        13820,
        13821,
        13859,
        13959,
        14090,
        15272,
        15273,
        15919,
        15922,
        15934,
        15935,
        15936,
        15940,
        15941,
        15946,
        15960,
        15979,
        15983,
        15991,
        15992,
        15996,
        16325,
        16327,
        16328,
        16347,
        16348,
        16362,
        16383,
        16391,
        16401,
        16422,
        16432,
        16435,
        16438,
        16448,
        16479,
        16484,
        16495,
        16505,
        16509,
        16510,
        16511,
        16545,
        16554,
        16555,
        16577,
        16601,
        16607,
        16627,
        16637,
        16652,
        16658,
        16663,
        16670,
        16672,
        16676,
        16682,
        16686,
        16701,
        16730,
        16736,
        16749,
        16779,
        16785,
        16786,
        16787,
        16788,
        16796,
        16797,
        16802,
        16804,
        16809,
        16813,
        16817,
        16826,
        16833,
        16839,
        16840,
        16845,
        16869,
        16890,
        16892,
        16915,
        16918,
        16950,
        17072,
        17073,
        17101,
        17114,
        17131,
        17138,
        17141,
        17143,
        17167,
        17180,
        17181,
        17191,
        17208,
        17211,
        17219,
        17225,
        17242,
        17255,
        17257,
        17297,
        17340,
        17346,
        17363,
        17366,
        17368,
        17369,
        17372,
        17373,
        17380,
        17394,
        17395,
        17398,
        17400,
        17401,
        17403,
        18218,
        18236,
        18279,
        18282,
        18285,
        18287,
        18288,
        18289,
        18296,
        18297,
        18304,
        18308,
        18309,
        18315,
        18320,
        18323,
        18330,
        18333,
        18352,
        18355,
        18360,
        18369,
        18392,
        18393,
        18396,
        18398,
        18399,
        18405,
        18412,
        18422,
        18424,
        18425,
        18449,
        18469,
        18470,
        18476,
        18480,
        18497,
        18522,
        18643,
        18725,
        18772,
        18834,
        18875,
        18908,
        18913,
        18918,
        18919,
        18934,
        18944,
        19010,
        19015,
        19016,
        19027,
        19029,
        19033,
        19049,
        19051,
        19065,
        19069,
        19071,
        19086,
        19087,
        19103,
        19109,
        19114,
        19115,
        19122,
        19124,
        19126,
        19131,
        19132,
        19141,
        19162,
        19183,
        19219,
        19237,
        19241,
        19251,
        19252,
        19256,
        19275,
        19279,
        19287,
        19290,
        19293,
        19296,
        19336,
        19374,
        19404,
        19424,
        19427,
        19524,
        19562,
        19568,
        19587,
        19639,
        19640,
        19653,
        19657,
        19666,
        19684,
        19718,
        19751,
        19768,
        19807,
        19830,
        19886,
        19894,
        19936,
        19944,
        19945,
        19957,
        19968,
        19980,
        20066,
        20071,
        20094,
        20102,
        20110,
        20118,
        20167,
        20168,
        20209,
        20223,
        20233,
        20270,
        20312,
        20369,
        20373,
        20426,
        20434,
        20439,
        20465,
        20694,
        20703,
        20706,
        20720,
        20722,
        20750,
        20751,
        20758,
        20767,
        20805,
        20862,
        20870,
        20895,
        20898,
        20902,
        20930,
        20945,
        20946,
        20947,
        20948,
        20949,
        20950,
        20964,
        20976,
        20982,
        21004,
        21025,
        21029,
        21033,
        21076,
        21080,
        21116,
        21133,
        21150,
        21157,
        21209,
        21253,
        21261,
        21397,
        21406,
        21408,
        21409,
        21424,
        21485,
        21490,
        21531,
        21532,
        21556,
        21621,
        21792,
        21954,
        21955,
        22020,
        22043,
        22048,
        22051,
        22057,
        22062,
        22063,
        22133,
        22134,
        22139,
        22154,
        22204,
        22205,
        22224,
        22235,
        22240,
        22248,
        22250,
        22372,
        22400,
        22407,
        22446,
        22448,
        22506,
        22513,
        22542,
        22563,
        22651,
        22694,
        22699,
        22700,
        22702,
        22703,
        22714,
        22724,
        22729,
        22740,
        22752,
        22758,
        22759,
        22772,
        22776,
        22777,
        22778,
        22800,
        22818,
        22855,
        22881,
        22907,
        22914,
        22925,
        22926,
        22931,
        22934,
        22956,
        22958,
        22962,
        22977,
        23011,
        23038,
        23042,
        23046,
        23055,
        23065,
        23077,
        23084,
        23095,
        23109,
        23139,
        23147,
        23150,
        23154,
        23180,
        23204,
        23214,
        23216,
        23219,
        23226,
        23229,
        23230,
        23240,
        23244,
        23274,
        23294,
        23298,
        23302,
        23311,
        23338,
        23344,
        23345,
        23366,
        23402,
        23422,
        23425,
        23436,
        23445,
        23454,
        23457,
        23461,
        23462,
        23473,
        23500,
        23513,
        23530,
        23531,
        23552,
        23572,
        23576,
        23585,
        23600,
        23667,
        23673,
        23680,
        23684,
        23701,
        23800,
        23805,
        23809,
        23837,
        23841,
        23869,
        23921,
        23969,
        23978,
        23989,
        23994,
        23997,
        24007,
        24034,
        24040,
        24043,
        24073,
        24120,
        24150,
        24171,
        24176,
        24180,
        24203,
        24252,
        24253,
        24282,
        24285,
        24309,
        24318,
        24324,
        24334,
        24341,
        24342,
        24381,
        24383,
        24400,
        24417,
        24654,
        24655,
        24656,
        24719,
        24755,
        24791,
        24792,
        24835,
        24847,
        24848,
        24914,
        25036,
        25037,
        25038,
        25062,
        25121,
        25158,
        25159,
        25185,
        25282,
        25308,
        25520,
        25633,
        25902,
        25909,
        25911,
        25914,
        25921,
        26023,
        26035,
        26036,
        26104,
        26106,
        26120,
        26125,
        26153,
        26154,
        26244,
        26283,
        26290,
        26489,
        26504,
        26518,
        26533,
        26538,
        26543,
        26628,
        26639,
        26648,
        26670,
        26786,
        26806,
        26906,
        26911,
        27216,
        27232,
        27233,
        27264,
        27421,
        27492,
        27503,
        27504,
        27666,
        27670,
        27675,
        27693,
        27801,
        27820,
        27931,
        27932,
        27933,
        27940,
        27941,
        27943,
        27962,
        27963,
        27969,
        27980,
        28016,
        28082,
        28083,
        28122,
        28140,
        28151,
        28163,
        28168,
        28170,
        28212,
        28269,
        28280,
        28285,
        28306,
        28343,
        28367,
        28384,
        28471,
        28475,
        28479,
        28525,
        28530,
        28539,
        28540,
        28541,
        28543,
        28555,
        28570,
        28656,
        28660,
        28664,
        28668,
        28674,
        28694,
        28695,
        28710,
        28711,
        28720,
        28729,
        28749,
        28761,
        28825,
        28853,
        28868,
        28893,
        28909,
        28932,
        28942,
        29009,
        29030,
        29077,
        29084,
        29166,
        29184,
        29187,
        29200,
        29262,
        29264,
        29333,
        29344,
        29363,
        29369,
        29395,
        29559,
        29560,
        29639,
        29642,
        29645,
        29656,
        29728,
        29749,
        29784,
        29802,
        29890,
        29894,
        29923,
        29933,
        29962,
        29964,
        30034,
        30035,
        30036,
        30037,
        30038,
        30039,
        30040,
        30041,
        30042,
        30051,
        30059,
        30076,
        30101,
        30121,
        30200,
        30221,
        30238,
        30273,
        30377,
        30391,
        30424,
        30521,
        30541,
        30552,
        30558,
        30583,
        30596,
        30624,
        30667,
        30669,
        30685,
        30693,
        30697,
        30842,
        30961,
        30994,
        30996,
        31055,
        31166,
        31169,
        31175,
        31246,
        31278,
        31329,
        31344,
        31354,
        31465,
        31556,
        31560,
        31571,
        31630,
        31766,
        31769,
        31773,
        31777,
        31803,
        31857,
        31946,
        31957,
        32058,
        32105,
        32124,
        32129,
        32131,
        32149,
        32188,
        32194,
        32197,
        32234,
        32269,
        32338,
        32367,
        32438,
        32465,
        32536,
        32551,
        32623,
        32625,
        32669,
        32682,
        32695,
        32819,
        32820,
        33487,
        33500,
        33665,
        33726,
        33800,
        33807,
        33820,
        33838,
        33842,
        33846,
        33885,
        33898,
        33925,
        33932,
        33939,
        33969,
        33971,
        33978,
        33988,
        34011,
        34068,
        34108,
        34165,
        34201,
        34205,
        34226,
        34232,
        34233,
        34234,
        34240,
        34268,
        34342,
        34352,
        34370,
        34381,
        34405,
        34411,
        34412,
        34417,
        34437,
        34448,
        34488,
        34492,
        34499,
        34504,
        34520,
        34576,
        34587,
        34597,
        34653,
        34704,
        34723,
        34727,
        34769,
        34803,
        34924,
        34925,
        34943,
        34960,
        35203,
        35206,
        35302,
        35307,
        35321,
        35325,
        35329,
        35339,
        35340,
        35371,
        35464,
        35467,
        35500,
        35539,
        35610,
        35660,
        35661,
        35665,
        35666,
        35670,
        35671,
        35675,
        35693,
        35739,
        35742,
        35754,
        35814,
        35843,
        35844,
        35865,
        35924,
        35925,
        35927,
        36031,
        36033,
        36045,
        36056,
        36058,
        36062,
        36090,
        36132,
        36275,
        36286,
        36314,
        36315,
        36327,
        36332,
        36333,
        36386,
        36438,
        36446,
        36455,
        36461,
        36474,
        36517,
        36525,
        36544,
        36547,
        36549,
        36557,
        36562,
        36568,
        36575,
        36589,
        36634,
        36635,
        36637,
        36639,
        36650,
        36691,
        36722,
        36735,
        36744,
        36761,
        36765,
        36767,
        36787,
        36790,
        36800,
        36835,
        36853,
        36866,
        36881,
        36883,
        36884,
        36899,
        36906,
        36909,
        36917,
        36922,
        36936,
        36941,
        36949,
        36961,
        36976,
        37008,
        37011,
        37026,
        37044,
        37063,
        37070,
        37083,
        37117,
        37124,
        37126,
        37147,
        37150,
        37155,
        37157,
        37158,
        37161,
        37197,
        37224,
        37225,
        37232,
        37240,
        37251,
        37261,
        37287,
        37290,
        37297,
        37303,
        37319,
        37332,
        37335,
        37337,
        37339,
        37356,
        37369,
        37372,
        37395,
        37413,
        37421,
        37422,
        37439,
        37447,
        37453,
        37476,
        37482,
        37487,
        37492,
        37494,
        37495,
        37496,
        37497,
        37498,
        37502,
        37506,
        37549,
        37552,
        37555,
        37560,
        37563,
        37571,
        37572,
        37574,
        37581,
        37586,
        37654,
        37678,
        37682,
        37728,
        37770,
        37785,
        37810,
        37817,
        37843,
        37844,
        37854,
        37927,
        37932,
        37933,
        37960,
        37961,
        38000,
        38029,
        38052,
        38059,
        38064,
        38078,
        38128,
        38158,
        38171,
        38186,
        38195,
        38210,
        38212,
        38237,
        38323,
        38333,
        38338,
        38348,
        38353,
        38367,
        38368,
        38388,
        38400,
        38410,
        38438,
        38444,
        38445,
        38446,
        38453,
        38458,
        38462,
        38464,
        38477,
        38479,
        38486,
        38504,
        38507,
        38537,
        38540,
        38544,
        38559,
        38561,
        38571,
        38573,
        38606,
        38622,
        38624,
        38627,
        38633,
        38637,
        38649,
        38666,
        38677,
        38687,
        38695,
        38702,
        38704,
        38708,
        38712,
        38714,
        38724,
        38740,
        38744,
        38747,
        38754,
        38756,
        38771,
        38795
      ]
    },
    {
      "date": "2026-10-11",
      "uniqueTournamentIds": [
        8,
        9,
        17,
        18,
        20,
        22,
        23,
        34,
        35,
        36,
        37,
        38,
        39,
        40,
        41,
        42,
        44,
        45,
        46,
        47,
        52,
        53,
        54,
        55,
        65,
        97,
        98,
        135,
        142,
        145,
        146,
        150,
        152,
        155,
        166,
        167,
        169,
        170,
        171,
        172,
        178,
        184,
        185,
        187,
        188,
        196,
        197,
        199,
        202,
        203,
        210,
        211,
        212,
        215,
        218,
        222,
        224,
        229,
        231,
        238,
        239,
        240,
        242,
        247,
        266,
        278,
        325,
        390,
        402,
        406,
        410,
        491,
        493,
        508,
        509,
        512,
        515,
        532,
        544,
        562,
        594,
        626,
        629,
        630,
        634,
        649,
        671,
        673,
        677,
        682,
        685,
        690,
        691,
        703,
        704,
        709,
        716,
        717,
        718,
        720,
        721,
        722,
        723,
        724,
        738,
        742,
        743,
        771,
        772,
        776,
        777,
        782,
        808,
        812,
        813,
        846,
        852,
        937,
        947,
        955,
        984,
        1002,
        1015,
        1032,
        1079,
        1083,
        1093,
        1095,
        1097,
        1099,
        1101,
        1103,
        1105,
        1133,
        1191,
        1238,
        1240,
        1254,
        1327,
        1335,
        1339,
        1347,
        1365,
        1374,
        1376,
        1378,
        1380,
        1382,
        1384,
        1386,
        1388,
        1390,
        1542,
        1644,
        1654,
        1892,
        1900,
        1906,
        1908,
        2060,
        2065,
        2072,
        2292,
        2293,
        2294,
        2308,
        3085,
        9386,
        9387,
        9413,
        9426,
        10093,
        10166,
        10268,
        10297,
        10308,
        10381,
        10383,
        10511,
        10526,
        10533,
        10535,
        10554,
        10580,
        10608,
        10609,
        10633,
        10641,
        10665,
        11033,
        11085,
        11087,
        11088,
        11090,
        11105,
        11316,
        11318,
        11338,
        11346,
        11347,
        11348,
        11349,
        11350,
        11351,
        11356,
        11357,
        11358,
        11359,
        11360,
        11361,
        11362,
        11363,
        11364,
        11365,
        11366,
        11367,
        11401,
        11420,
        11445,
        11446,
        11447,
        11509,
        11534,
        11535,
        11537,
        11539,
        11541,
        11611,
        11613,
        11617,
        11619,
        11621,
        11653,
        11671,
        13362,
        13363,
        13470,
        13474,
        13859,
        13959,
        14090,
        15272,
        15273,
        15922,
        15930,
        15931,
        15934,
        15935,
        15936,
        15939,
        15940,
        15941,
        15946,
        15960,
        15979,
        15980,
        15981,
        15992,
        15996,
        16325,
        16327,
        16328,
        16338,
        16345,
        16347,
        16348,
        16368,
        16383,
        16384,
        16391,
        16401,
        16407,
        16408,
        16409,
        16411,
        16420,
        16421,
        16432,
        16433,
        16434,
        16435,
        16438,
        16444,
        16473,
        16479,
        16484,
        16504,
        16505,
        16509,
        16510,
        16545,
        16551,
        16554,
        16601,
        16609,
        16627,
        16637,
        16652,
        16655,
        16658,
        16663,
        16670,
        16672,
        16676,
        16681,
        16682,
        16686,
        16701,
        16730,
        16736,
        16749,
        16755,
        16785,
        16786,
        16788,
        16802,
        16805,
        16806,
        16813,
        16817,
        16833,
        16838,
        16840,
        16841,
        16845,
        16846,
        16865,
        16869,
        16877,
        16882,
        16915,
        16918,
        16934,
        16950,
        17073,
        17101,
        17138,
        17141,
        17168,
        17180,
        17191,
        17208,
        17209,
        17210,
        17211,
        17219,
        17225,
        17226,
        17241,
        17255,
        17257,
        17270,
        17297,
        17340,
        17346,
        17363,
        17368,
        17369,
        17371,
        17376,
        17394,
        17396,
        17400,
        17403,
        18218,
        18221,
        18236,
        18242,
        18264,
        18278,
        18282,
        18283,
        18284,
        18285,
        18289,
        18296,
        18297,
        18301,
        18304,
        18320,
        18323,
        18333,
        18352,
        18358,
        18387,
        18392,
        18396,
        18405,
        18408,
        18412,
        18422,
        18424,
        18440,
        18449,
        18469,
        18497,
        18522,
        18559,
        18641,
        18643,
        18725,
        18772,
        18834,
        18875,
        18882,
        18908,
        18913,
        18918,
        18944,
        19015,
        19028,
        19033,
        19038,
        19052,
        19069,
        19071,
        19073,
        19086,
        19103,
        19114,
        19122,
        19131,
        19137,
        19162,
        19183,
        19208,
        19219,
        19220,
        19235,
        19237,
        19252,
        19253,
        19257,
        19276,
        19277,
        19279,
        19282,
        19283,
        19290,
        19296,
        19300,
        19314,
        19316,
        19325,
        19346,
        19363,
        19374,
        19394,
        19403,
        19410,
        19411,
        19427,
        19524,
        19543,
        19548,
        19558,
        19559,
        19562,
        19563,
        19568,
        19570,
        19585,
        19587,
        19632,
        19636,
        19640,
        19665,
        19677,
        19684,
        19716,
        19718,
        19752,
        19768,
        19807,
        19830,
        19867,
        19886,
        19888,
        19894,
        19957,
        19980,
        20066,
        20071,
        20094,
        20095,
        20102,
        20110,
        20118,
        20167,
        20168,
        20209,
        20213,
        20223,
        20270,
        20369,
        20373,
        20426,
        20434,
        20439,
        20465,
        20694,
        20698,
        20703,
        20706,
        20707,
        20720,
        20722,
        20731,
        20740,
        20751,
        20758,
        20862,
        20870,
        20893,
        20898,
        20929,
        20945,
        20946,
        20947,
        20948,
        20949,
        20950,
        20964,
        20979,
        20982,
        20983,
        21004,
        21025,
        21029,
        21056,
        21065,
        21080,
        21133,
        21150,
        21209,
        21253,
        21261,
        21338,
        21339,
        21340,
        21341,
        21342,
        21343,
        21344,
        21345,
        21365,
        21406,
        21409,
        21413,
        21424,
        21490,
        21491,
        21564,
        21621,
        21671,
        21792,
        21952,
        21954,
        21987,
        21993,
        22027,
        22043,
        22048,
        22051,
        22063,
        22117,
        22133,
        22134,
        22135,
        22139,
        22204,
        22224,
        22240,
        22248,
        22256,
        22400,
        22446,
        22492,
        22506,
        22513,
        22527,
        22542,
        22563,
        22592,
        22614,
        22619,
        22651,
        22699,
        22700,
        22702,
        22703,
        22706,
        22724,
        22729,
        22731,
        22740,
        22758,
        22759,
        22772,
        22776,
        22777,
        22778,
        22779,
        22819,
        22855,
        22890,
        22892,
        22893,
        22907,
        22914,
        22956,
        22970,
        22977,
        22994,
        23011,
        23038,
        23041,
        23042,
        23046,
        23057,
        23061,
        23065,
        23077,
        23084,
        23095,
        23109,
        23117,
        23147,
        23154,
        23180,
        23219,
        23226,
        23229,
        23230,
        23231,
        23240,
        23274,
        23301,
        23302,
        23311,
        23338,
        23371,
        23402,
        23422,
        23436,
        23445,
        23457,
        23461,
        23462,
        23500,
        23513,
        23530,
        23531,
        23573,
        23576,
        23600,
        23602,
        23624,
        23656,
        23667,
        23673,
        23684,
        23690,
        23701,
        23715,
        23787,
        23800,
        23805,
        23809,
        23837,
        23869,
        23921,
        23978,
        23989,
        23997,
        24007,
        24041,
        24043,
        24073,
        24114,
        24120,
        24140,
        24150,
        24158,
        24160,
        24171,
        24176,
        24203,
        24208,
        24249,
        24253,
        24254,
        24285,
        24303,
        24309,
        24383,
        24400,
        24445,
        24654,
        24655,
        24656,
        24719,
        24755,
        24835,
        24847,
        24917,
        25035,
        25059,
        25121,
        25158,
        25212,
        25282,
        25308,
        25520,
        25795,
        25853,
        25857,
        25876,
        25902,
        26000,
        26023,
        26106,
        26120,
        26153,
        26154,
        26244,
        26283,
        26290,
        26371,
        26478,
        26489,
        26490,
        26533,
        26538,
        26543,
        26628,
        26648,
        26806,
        26813,
        26906,
        27045,
        27232,
        27233,
        27264,
        27370,
        27503,
        27504,
        27586,
        27666,
        27670,
        27675,
        27693,
        27801,
        27820,
        27933,
        27940,
        27969,
        27980,
        28081,
        28082,
        28083,
        28085,
        28122,
        28165,
        28168,
        28306,
        28307,
        28343,
        28362,
        28384,
        28397,
        28471,
        28475,
        28530,
        28541,
        28543,
        28555,
        28570,
        28674,
        28697,
        28729,
        28749,
        28750,
        28755,
        28757,
        28761,
        28825,
        28853,
        28862,
        28868,
        28869,
        28893,
        28932,
        28947,
        29009,
        29077,
        29096,
        29179,
        29184,
        29200,
        29222,
        29238,
        29262,
        29264,
        29333,
        29344,
        29369,
        29395,
        29543,
        29627,
        29642,
        29643,
        29645,
        29728,
        29732,
        29749,
        29784,
        29794,
        29802,
        29894,
        29923,
        29962,
        29964,
        29979,
        30030,
        30036,
        30042,
        30043,
        30051,
        30076,
        30191,
        30203,
        30238,
        30260,
        30375,
        30391,
        30541,
        30558,
        30583,
        30596,
        30624,
        30667,
        30669,
        30675,
        30685,
        30693,
        30697,
        30702,
        30706,
        30726,
        30835,
        30842,
        30961,
        30962,
        31010,
        31021,
        31045,
        31055,
        31149,
        31166,
        31169,
        31174,
        31175,
        31206,
        31267,
        31329,
        31338,
        31354,
        31434,
        31465,
        31538,
        31539,
        31556,
        31560,
        31562,
        31571,
        31630,
        31642,
        31696,
        31766,
        31774,
        31790,
        31803,
        31827,
        31838,
        31857,
        31946,
        31957,
        32058,
        32105,
        32129,
        32180,
        32188,
        32194,
        32240,
        32249,
        32338,
        32367,
        32465,
        32505,
        32511,
        32551,
        32623,
        32682,
        32695,
        32727,
        32732,
        32736,
        32781,
        32803,
        32819,
        32820,
        33487,
        33500,
        33808,
        33809,
        33820,
        33846,
        33849,
        33932,
        33974,
        33988,
        34066,
        34067,
        34107,
        34176,
        34188,
        34233,
        34234,
        34268,
        34328,
        34337,
        34352,
        34370,
        34381,
        34405,
        34412,
        34417,
        34437,
        34488,
        34492,
        34499,
        34504,
        34520,
        34587,
        34614,
        34624,
        34653,
        34731,
        34803,
        34924,
        34925,
        34943,
        34960,
        35019,
        35065,
        35204,
        35229,
        35277,
        35301,
        35302,
        35321,
        35329,
        35371,
        35464,
        35500,
        35579,
        35610,
        35660,
        35661,
        35665,
        35666,
        35668,
        35669,
        35670,
        35671,
        35675,
        35679,
        35693,
        35739,
        35742,
        35754,
        35814,
        35850,
        35865,
        35927,
        35944,
        36031,
        36033,
        36058,
        36071,
        36072,
        36073,
        36075,
        36079,
        36080,
        36081,
        36083,
        36087,
        36103,
        36118,
        36175,
        36190,
        36191,
        36195,
        36196,
        36223,
        36274,
        36275,
        36310,
        36314,
        36327,
        36384,
        36446,
        36454,
        36455,
        36461,
        36517,
        36525,
        36547,
        36552,
        36587,
        36589,
        36636,
        36665,
        36713,
        36722,
        36734,
        36738,
        36743,
        36744,
        36745,
        36765,
        36767,
        36770,
        36781,
        36784,
        36786,
        36787,
        36800,
        36835,
        36857,
        36859,
        36864,
        36866,
        36883,
        36884,
        36899,
        36906,
        36919,
        36924,
        36936,
        36949,
        36950,
        36977,
        36991,
        37026,
        37028,
        37044,
        37070,
        37083,
        37104,
        37147,
        37148,
        37150,
        37151,
        37155,
        37158,
        37160,
        37197,
        37232,
        37258,
        37259,
        37262,
        37290,
        37294,
        37297,
        37319,
        37332,
        37335,
        37337,
        37361,
        37401,
        37405,
        37421,
        37422,
        37439,
        37463,
        37464,
        37466,
        37467,
        37476,
        37482,
        37484,
        37485,
        37491,
        37492,
        37493,
        37494,
        37496,
        37497,
        37506,
        37536,
        37541,
        37549,
        37552,
        37553,
        37563,
        37575,
        37580,
        37581,
        37586,
        37590,
        37594,
        37606,
        37642,
        37655,
        37678,
        37680,
        37696,
        37742,
        37752,
        37764,
        37766,
        37768,
        37785,
        37810,
        37837,
        37839,
        37842,
        37843,
        37844,
        37854,
        37882,
        37932,
        38029,
        38052,
        38059,
        38078,
        38104,
        38111,
        38119,
        38122,
        38128,
        38158,
        38171,
        38174,
        38195,
        38212,
        38218,
        38224,
        38237,
        38241,
        38250,
        38262,
        38271,
        38321,
        38333,
        38353,
        38362,
        38368,
        38379,
        38400,
        38410,
        38415,
        38425,
        38438,
        38444,
        38445,
        38446,
        38453,
        38462,
        38469,
        38477,
        38479,
        38504,
        38523,
        38524,
        38537,
        38540,
        38559,
        38564,
        38573,
        38627,
        38633,
        38637,
        38649,
        38662,
        38666,
        38669,
        38670,
        38677,
        38683,
        38685,
        38687,
        38703,
        38704,
        38708,
        38712,
        38713,
        38714,
        38739,
        38743,
        38744,
        38747,
        38755,
        38771,
        38795
      ]
    },
    {
      "date": "2026-10-12",
      "uniqueTournamentIds": [
        8,
        17,
        20,
        23,
        39,
        40,
        41,
        42,
        52,
        54,
        152,
        155,
        171,
        182,
        185,
        192,
        197,
        199,
        202,
        205,
        210,
        218,
        224,
        229,
        238,
        239,
        247,
        266,
        325,
        390,
        463,
        515,
        634,
        671,
        672,
        703,
        721,
        727,
        746,
        753,
        755,
        808,
        841,
        852,
        937,
        1131,
        1135,
        1238,
        1240,
        1254,
        1339,
        1347,
        1592,
        1892,
        1900,
        2120,
        2292,
        2295,
        2353,
        10297,
        10308,
        10381,
        10533,
        10641,
        11082,
        11083,
        11086,
        11087,
        11338,
        11341,
        11386,
        11446,
        11447,
        11539,
        11541,
        11613,
        11617,
        11619,
        11621,
        11653,
        11671,
        13470,
        13959,
        15946,
        16641,
        16736,
        16934,
        17073,
        17403,
        18396,
        18469,
        18559,
        18641,
        18772,
        18836,
        18944,
        19980,
        21076,
        21235,
        21607,
        22020,
        22139,
        22545,
        22546,
        22651,
        22890,
        23046,
        23255,
        23298,
        23406,
        23407,
        23424,
        23487,
        23725,
        24021,
        24114,
        24324,
        24342,
        24383,
        25664,
        25770,
        25783,
        25864,
        25871,
        25911,
        26768,
        26911,
        27221,
        28081,
        28285,
        28479,
        28543,
        28755,
        28868,
        28936,
        29061,
        29179,
        29238,
        29668,
        29749,
        30273,
        30373,
        31533,
        31551,
        31600,
        31651,
        31652,
        31667,
        31772,
        32641,
        32668,
        32732,
        32852,
        33487,
        33664,
        33808,
        33809,
        33932,
        33950,
        34085,
        34203,
        34520,
        34614,
        34643,
        34727,
        35143,
        35338,
        35355,
        35647,
        35843,
        36031,
        36033,
        36103,
        36241,
        36314,
        36438,
        36906,
        37028,
        37439,
        37489,
        37491,
        37492,
        37493,
        37494,
        37495,
        37496,
        37497,
        37518,
        37553,
        37590,
        37643,
        37671,
        37732,
        37771,
        37837,
        37896,
        38072,
        38133,
        38211,
        38237,
        38333,
        38349,
        38362,
        38392,
        38487,
        38706,
        38714,
        38747,
        38751,
        38771
      ]
    },
    {
      "date": "2026-10-13",
      "uniqueTournamentIds": [
        7,
        18,
        46,
        91,
        98,
        174,
        178,
        206,
        303,
        325,
        331,
        334,
        358,
        390,
        463,
        491,
        509,
        668,
        672,
        746,
        753,
        780,
        808,
        841,
        852,
        915,
        937,
        1085,
        1111,
        1131,
        1135,
        1238,
        1339,
        1592,
        1892,
        2120,
        2132,
        2295,
        2353,
        9356,
        9386,
        9413,
        9459,
        10166,
        10297,
        10511,
        11084,
        11105,
        11340,
        11341,
        11342,
        11445,
        11446,
        11534,
        11539,
        11611,
        11671,
        13946,
        15946,
        16554,
        16641,
        16663,
        16760,
        17242,
        18772,
        18817,
        18836,
        18908,
        18944,
        19252,
        19275,
        20102,
        20110,
        20870,
        21076,
        21485,
        21792,
        21955,
        22154,
        22205,
        22794,
        22930,
        22931,
        22958,
        22962,
        23012,
        23109,
        23122,
        23255,
        23298,
        23487,
        23552,
        24029,
        24101,
        24252,
        24309,
        24351,
        24381,
        24383,
        24417,
        24792,
        24848,
        25770,
        25805,
        25864,
        25911,
        26670,
        26906,
        27221,
        27943,
        28212,
        28269,
        28285,
        28479,
        28541,
        28664,
        28720,
        28868,
        28909,
        28918,
        28936,
        28942,
        29013,
        29061,
        29247,
        29560,
        29639,
        29668,
        29731,
        29964,
        30121,
        30373,
        30424,
        30430,
        30552,
        31055,
        31166,
        31201,
        31345,
        31533,
        32197,
        32798,
        33869,
        33895,
        34268,
        34326,
        34748,
        35338,
        35647,
        35660,
        35754,
        35843,
        35849,
        36031,
        36033,
        36055,
        36438,
        36743,
        36931,
        37251,
        37439,
        37518,
        37555,
        37590,
        37622,
        37671,
        37732,
        38133,
        38218,
        38237,
        38338,
        38392,
        38410,
        38464,
        38747
      ]
    },
    {
      "date": "2026-10-14",
      "uniqueTournamentIds": [
        7,
        18,
        22,
        91,
        98,
        101,
        146,
        155,
        169,
        172,
        178,
        186,
        242,
        303,
        315,
        336,
        348,
        463,
        480,
        491,
        515,
        629,
        668,
        672,
        678,
        682,
        723,
        736,
        772,
        785,
        841,
        915,
        937,
        1079,
        1131,
        1238,
        1307,
        1327,
        1339,
        1365,
        1376,
        1380,
        1900,
        2065,
        2120,
        2132,
        9387,
        9413,
        10166,
        10240,
        10511,
        10528,
        10533,
        10608,
        11084,
        11315,
        11316,
        11317,
        11447,
        11535,
        11539,
        11618,
        11619,
        13362,
        13363,
        13614,
        15934,
        15946,
        15979,
        16554,
        16641,
        16663,
        16786,
        17114,
        17242,
        17255,
        17400,
        18296,
        18304,
        18352,
        18725,
        18772,
        18817,
        18877,
        18944,
        19252,
        19434,
        19570,
        19886,
        19945,
        20052,
        20434,
        20706,
        20720,
        20758,
        20759,
        20797,
        20805,
        20931,
        20981,
        20992,
        21112,
        21133,
        21181,
        21406,
        21485,
        21621,
        21662,
        21792,
        22117,
        22155,
        22772,
        22907,
        22931,
        22934,
        22942,
        23012,
        23039,
        23077,
        23124,
        23208,
        23217,
        23298,
        23345,
        23502,
        23513,
        23533,
        23552,
        24043,
        24055,
        24063,
        24114,
        24150,
        24188,
        24309,
        24324,
        24342,
        24381,
        24383,
        24417,
        24434,
        24445,
        24848,
        24931,
        25034,
        25659,
        25664,
        25864,
        26004,
        26670,
        26813,
        26840,
        26906,
        27221,
        27675,
        27963,
        28151,
        28281,
        28285,
        28541,
        28543,
        28559,
        28664,
        28720,
        28825,
        28868,
        28909,
        28917,
        28942,
        29013,
        29030,
        29052,
        29061,
        29531,
        29639,
        30051,
        30059,
        30121,
        30201,
        30273,
        30424,
        30521,
        31803,
        31867,
        31934,
        32187,
        32625,
        32642,
        32668,
        32819,
        33726,
        33800,
        33823,
        33869,
        33895,
        34066,
        34268,
        34298,
        34587,
        34614,
        34643,
        34727,
        34769,
        35325,
        35338,
        35515,
        35539,
        35754,
        35849,
        36031,
        36033,
        36045,
        36055,
        36063,
        36333,
        36385,
        36438,
        36589,
        36614,
        36684,
        36802,
        36936,
        37196,
        37197,
        37240,
        37251,
        37322,
        37387,
        37439,
        37486,
        37518,
        37522,
        37590,
        37644,
        37671,
        37720,
        37837,
        37894,
        38000,
        38018,
        38102,
        38119,
        38133,
        38237,
        38347,
        38392,
        38395,
        38400,
        38508,
        38531,
        38552,
        38571,
        38667,
        38706,
        38708,
        38714,
        38745,
        38747
      ]
    },
    {
      "date": "2026-10-15",
      "uniqueTournamentIds": [
        24,
        91,
        98,
        169,
        178,
        183,
        197,
        229,
        242,
        384,
        668,
        678,
        679,
        736,
        753,
        755,
        772,
        785,
        841,
        929,
        955,
        1099,
        1238,
        1892,
        2065,
        2284,
        9413,
        10166,
        10240,
        10511,
        10533,
        10536,
        10602,
        11535,
        11539,
        11613,
        11619,
        13361,
        15946,
        16554,
        16641,
        16760,
        17015,
        17027,
        18725,
        18817,
        18877,
        18944,
        19410,
        19524,
        19886,
        19945,
        20044,
        20052,
        20759,
        20931,
        21491,
        21931,
        22881,
        22977,
        23046,
        23065,
        23077,
        23082,
        23109,
        23292,
        23293,
        24055,
        24120,
        24309,
        24324,
        24342,
        24365,
        24383,
        24417,
        25795,
        25864,
        25871,
        25911,
        26768,
        27221,
        27675,
        27745,
        28530,
        28541,
        28543,
        28868,
        29010,
        29061,
        29179,
        30051,
        30373,
        30407,
        31247,
        31605,
        31651,
        31867,
        32134,
        32641,
        34411,
        34614,
        34748,
        35371,
        35515,
        35754,
        36031,
        36033,
        36192,
        36223,
        36385,
        36525,
        36614,
        36777,
        36906,
        37251,
        37498,
        37518,
        37522,
        37622,
        37644,
        37671,
        37732,
        37742,
        37751,
        37771,
        37837,
        37841,
        38133,
        38212,
        38237,
        38277,
        38338,
        38349,
        38350,
        38357,
        38362,
        38397,
        38400,
        38714,
        38747
      ]
    },
    {
      "date": "2026-10-16",
      "uniqueTournamentIds": [
        8,
        18,
        23,
        34,
        35,
        37,
        40,
        42,
        44,
        45,
        47,
        52,
        53,
        54,
        65,
        131,
        135,
        136,
        142,
        146,
        152,
        166,
        170,
        182,
        187,
        192,
        193,
        201,
        202,
        204,
        205,
        206,
        218,
        224,
        229,
        325,
        326,
        365,
        384,
        388,
        390,
        399,
        406,
        491,
        493,
        508,
        509,
        512,
        532,
        629,
        634,
        649,
        671,
        674,
        676,
        691,
        692,
        701,
        709,
        710,
        720,
        722,
        724,
        727,
        736,
        755,
        771,
        772,
        785,
        813,
        825,
        841,
        846,
        879,
        929,
        955,
        971,
        1000,
        1015,
        1032,
        1054,
        1083,
        1085,
        1089,
        1091,
        1103,
        1115,
        1129,
        1238,
        1542,
        1900,
        1906,
        2127,
        2292,
        2353,
        9386,
        10297,
        10308,
        10510,
        10533,
        10535,
        10536,
        10602,
        10608,
        11420,
        11445,
        11447,
        11535,
        11613,
        11617,
        11619,
        13361,
        13362,
        13470,
        13859,
        13994,
        15946,
        16327,
        16504,
        16554,
        16607,
        16730,
        16736,
        16760,
        16785,
        16789,
        16817,
        17114,
        17219,
        17225,
        17255,
        17368,
        18399,
        18641,
        18772,
        18934,
        18944,
        19015,
        19252,
        19290,
        19291,
        19807,
        20071,
        20094,
        20209,
        20318,
        20373,
        20426,
        20434,
        20439,
        20759,
        20857,
        20871,
        20902,
        20932,
        20980,
        21408,
        21424,
        21485,
        21531,
        21792,
        21931,
        22057,
        22224,
        22371,
        22434,
        22490,
        22506,
        22724,
        22907,
        22914,
        22962,
        22977,
        23038,
        23046,
        23077,
        23082,
        23293,
        23299,
        23406,
        23407,
        23436,
        23473,
        23684,
        23725,
        23997,
        24021,
        24040,
        24120,
        24140,
        24234,
        24309,
        24324,
        24334,
        24342,
        24365,
        24381,
        24383,
        24417,
        25272,
        25484,
        25764,
        25795,
        25864,
        25871,
        25904,
        25991,
        26035,
        26037,
        26533,
        26768,
        27221,
        27492,
        27670,
        27675,
        27801,
        27820,
        27931,
        27932,
        27933,
        27940,
        27943,
        27969,
        28151,
        28153,
        28269,
        28306,
        28384,
        28471,
        28530,
        28541,
        28543,
        28868,
        28909,
        28932,
        29010,
        29061,
        29238,
        29369,
        30056,
        30238,
        30273,
        30373,
        30391,
        30424,
        30726,
        31055,
        31056,
        32105,
        32131,
        32149,
        32194,
        33673,
        33849,
        33886,
        33915,
        33950,
        33988,
        34066,
        34085,
        34092,
        34093,
        34268,
        34614,
        35018,
        35055,
        35143,
        35329,
        35338,
        35371,
        35617,
        35666,
        35669,
        35670,
        35671,
        35676,
        35742,
        35754,
        35843,
        35865,
        35924,
        35925,
        35927,
        36031,
        36033,
        36058,
        36088,
        36096,
        36241,
        36315,
        36525,
        36547,
        36589,
        36684,
        36716,
        36767,
        36857,
        36879,
        36917,
        36973,
        37197,
        37232,
        37287,
        37395,
        37401,
        37439,
        37447,
        37498,
        37555,
        37606,
        37960,
        38052,
        38119,
        38133,
        38165,
        38210,
        38237,
        38438,
        38473,
        38485,
        38507,
        38523,
        38631,
        38731,
        38747,
        38771
      ]
    },
    {
      "date": "2026-10-17",
      "uniqueTournamentIds": [
        8,
        17,
        18,
        20,
        23,
        24,
        25,
        34,
        35,
        36,
        37,
        40,
        41,
        42,
        44,
        45,
        46,
        47,
        52,
        53,
        54,
        55,
        65,
        97,
        98,
        131,
        135,
        136,
        142,
        152,
        166,
        167,
        169,
        170,
        171,
        172,
        174,
        176,
        178,
        182,
        183,
        184,
        185,
        186,
        187,
        188,
        192,
        196,
        197,
        198,
        199,
        200,
        201,
        202,
        203,
        204,
        206,
        207,
        209,
        210,
        211,
        212,
        214,
        218,
        224,
        229,
        232,
        242,
        266,
        325,
        326,
        336,
        358,
        365,
        380,
        388,
        390,
        399,
        402,
        406,
        410,
        491,
        493,
        508,
        509,
        512,
        515,
        532,
        544,
        562,
        594,
        626,
        629,
        630,
        634,
        649,
        671,
        676,
        677,
        682,
        685,
        691,
        692,
        701,
        703,
        704,
        709,
        715,
        716,
        718,
        720,
        721,
        722,
        724,
        726,
        742,
        771,
        772,
        777,
        782,
        813,
        822,
        823,
        825,
        827,
        846,
        915,
        929,
        937,
        947,
        955,
        971,
        1000,
        1015,
        1032,
        1044,
        1054,
        1079,
        1083,
        1085,
        1089,
        1091,
        1093,
        1095,
        1097,
        1099,
        1101,
        1109,
        1111,
        1115,
        1127,
        1129,
        1131,
        1133,
        1139,
        1226,
        1238,
        1240,
        1307,
        1327,
        1339,
        1347,
        1365,
        1460,
        1644,
        1662,
        1690,
        1894,
        1900,
        1906,
        2060,
        2065,
        2127,
        2288,
        2292,
        2293,
        2294,
        2295,
        2308,
        2353,
        3085,
        3090,
        9386,
        9387,
        9412,
        9415,
        10240,
        10308,
        10381,
        10499,
        10510,
        10511,
        10518,
        10527,
        10533,
        10534,
        10535,
        10554,
        10560,
        10580,
        10602,
        10607,
        10608,
        10640,
        10641,
        10741,
        11033,
        11082,
        11083,
        11084,
        11085,
        11086,
        11087,
        11088,
        11090,
        11105,
        11315,
        11316,
        11317,
        11318,
        11340,
        11342,
        11350,
        11351,
        11360,
        11361,
        11364,
        11402,
        11414,
        11420,
        11445,
        11446,
        11447,
        11534,
        11537,
        11539,
        11541,
        11611,
        11613,
        11617,
        11621,
        11667,
        13362,
        13363,
        13470,
        13593,
        13859,
        13959,
        15273,
        15919,
        15922,
        15935,
        15936,
        15939,
        15940,
        15941,
        15946,
        15979,
        15980,
        15983,
        15991,
        15992,
        15996,
        16325,
        16327,
        16328,
        16345,
        16347,
        16362,
        16383,
        16384,
        16391,
        16401,
        16422,
        16435,
        16438,
        16448,
        16479,
        16495,
        16505,
        16509,
        16510,
        16511,
        16545,
        16555,
        16577,
        16607,
        16627,
        16637,
        16652,
        16658,
        16663,
        16670,
        16672,
        16676,
        16682,
        16686,
        16701,
        16730,
        16736,
        16749,
        16755,
        16779,
        16785,
        16786,
        16787,
        16796,
        16797,
        16804,
        16806,
        16809,
        16813,
        16817,
        16826,
        16833,
        16838,
        16840,
        16845,
        16869,
        16877,
        16890,
        16892,
        16915,
        16934,
        17072,
        17073,
        17114,
        17131,
        17138,
        17141,
        17143,
        17167,
        17181,
        17208,
        17211,
        17219,
        17225,
        17242,
        17255,
        17257,
        17346,
        17366,
        17369,
        17372,
        17373,
        17394,
        17395,
        17401,
        17403,
        18218,
        18236,
        18275,
        18276,
        18278,
        18279,
        18282,
        18287,
        18288,
        18296,
        18304,
        18308,
        18309,
        18315,
        18320,
        18330,
        18353,
        18355,
        18360,
        18369,
        18391,
        18393,
        18398,
        18399,
        18405,
        18412,
        18425,
        18426,
        18476,
        18480,
        18497,
        18641,
        18653,
        18772,
        18836,
        18875,
        18913,
        18944,
        19010,
        19015,
        19016,
        19027,
        19029,
        19049,
        19051,
        19052,
        19065,
        19069,
        19071,
        19086,
        19087,
        19109,
        19114,
        19115,
        19122,
        19124,
        19126,
        19131,
        19141,
        19162,
        19183,
        19219,
        19237,
        19241,
        19251,
        19252,
        19256,
        19275,
        19287,
        19291,
        19293,
        19325,
        19336,
        19341,
        19346,
        19404,
        19524,
        19548,
        19562,
        19568,
        19570,
        19587,
        19639,
        19640,
        19653,
        19657,
        19666,
        19684,
        19718,
        19768,
        19807,
        19860,
        19886,
        19894,
        19936,
        19945,
        19957,
        19979,
        19980,
        20065,
        20066,
        20071,
        20102,
        20110,
        20118,
        20168,
        20209,
        20270,
        20312,
        20330,
        20369,
        20426,
        20434,
        20439,
        20465,
        20694,
        20706,
        20707,
        20720,
        20750,
        20758,
        20796,
        20805,
        20862,
        20870,
        20871,
        20895,
        20898,
        20902,
        20930,
        20932,
        20945,
        20946,
        20947,
        20948,
        20949,
        20950,
        20976,
        21029,
        21033,
        21056,
        21076,
        21080,
        21116,
        21133,
        21150,
        21209,
        21253,
        21397,
        21406,
        21408,
        21409,
        21424,
        21485,
        21490,
        21531,
        21556,
        21607,
        21655,
        21792,
        21804,
        21954,
        21955,
        22027,
        22043,
        22051,
        22057,
        22062,
        22133,
        22134,
        22154,
        22205,
        22224,
        22235,
        22240,
        22248,
        22250,
        22252,
        22372,
        22400,
        22405,
        22407,
        22446,
        22448,
        22506,
        22525,
        22526,
        22542,
        22563,
        22651,
        22699,
        22700,
        22702,
        22703,
        22724,
        22729,
        22772,
        22776,
        22777,
        22795,
        22818,
        22855,
        22881,
        22890,
        22914,
        22925,
        22926,
        22931,
        22934,
        22958,
        22962,
        22970,
        22977,
        22988,
        23011,
        23038,
        23042,
        23046,
        23055,
        23065,
        23077,
        23082,
        23095,
        23108,
        23109,
        23122,
        23147,
        23150,
        23154,
        23180,
        23204,
        23214,
        23216,
        23219,
        23226,
        23229,
        23230,
        23240,
        23244,
        23249,
        23274,
        23294,
        23298,
        23301,
        23302,
        23311,
        23344,
        23345,
        23366,
        23402,
        23422,
        23427,
        23436,
        23441,
        23461,
        23473,
        23500,
        23530,
        23531,
        23552,
        23572,
        23585,
        23673,
        23680,
        23684,
        23837,
        23838,
        23841,
        23869,
        23969,
        23978,
        24007,
        24040,
        24043,
        24073,
        24140,
        24171,
        24176,
        24180,
        24235,
        24252,
        24253,
        24282,
        24285,
        24295,
        24309,
        24318,
        24324,
        24341,
        24342,
        24381,
        24383,
        24400,
        24413,
        24417,
        24434,
        24503,
        24552,
        24659,
        24719,
        24791,
        24792,
        24835,
        24847,
        24914,
        25121,
        25135,
        25158,
        25185,
        25278,
        25282,
        25308,
        25484,
        25633,
        25664,
        25783,
        25876,
        25902,
        25914,
        25921,
        25991,
        26035,
        26036,
        26106,
        26120,
        26135,
        26153,
        26154,
        26283,
        26290,
        26489,
        26490,
        26498,
        26533,
        26543,
        26639,
        26670,
        26786,
        26806,
        26911,
        27216,
        27232,
        27233,
        27503,
        27504,
        27586,
        27666,
        27670,
        27675,
        27693,
        27801,
        27820,
        27931,
        27933,
        27940,
        27941,
        27943,
        27962,
        27963,
        27969,
        27980,
        28016,
        28082,
        28083,
        28090,
        28122,
        28140,
        28151,
        28153,
        28163,
        28165,
        28168,
        28169,
        28170,
        28212,
        28269,
        28276,
        28280,
        28285,
        28291,
        28306,
        28307,
        28320,
        28343,
        28384,
        28471,
        28475,
        28490,
        28525,
        28530,
        28539,
        28540,
        28541,
        28543,
        28570,
        28656,
        28660,
        28664,
        28668,
        28674,
        28710,
        28711,
        28714,
        28720,
        28724,
        28729,
        28739,
        28749,
        28755,
        28761,
        28825,
        28868,
        28909,
        28942,
        28947,
        29009,
        29010,
        29045,
        29077,
        29084,
        29187,
        29238,
        29264,
        29344,
        29363,
        29369,
        29391,
        29395,
        29559,
        29560,
        29627,
        29642,
        29645,
        29728,
        29749,
        29784,
        29802,
        29890,
        29894,
        29923,
        29933,
        29962,
        29964,
        30035,
        30040,
        30041,
        30056,
        30059,
        30076,
        30101,
        30121,
        30184,
        30221,
        30238,
        30377,
        30391,
        30424,
        30521,
        30552,
        30583,
        30596,
        30624,
        30667,
        30669,
        30685,
        30693,
        30842,
        30857,
        30961,
        30962,
        30994,
        30996,
        31006,
        31166,
        31169,
        31175,
        31189,
        31190,
        31246,
        31278,
        31329,
        31465,
        31538,
        31540,
        31630,
        31766,
        31769,
        31803,
        31835,
        32058,
        32105,
        32124,
        32129,
        32134,
        32188,
        32194,
        32234,
        32249,
        32269,
        32367,
        32438,
        32551,
        32623,
        32625,
        32650,
        32669,
        32682,
        32695,
        32732,
        32819,
        33487,
        33500,
        33505,
        33665,
        33726,
        33800,
        33817,
        33820,
        33838,
        33842,
        33885,
        33898,
        33915,
        33917,
        33925,
        33932,
        33950,
        33971,
        33978,
        33988,
        34011,
        34073,
        34092,
        34108,
        34165,
        34201,
        34205,
        34226,
        34233,
        34234,
        34240,
        34268,
        34342,
        34352,
        34358,
        34370,
        34381,
        34405,
        34411,
        34417,
        34437,
        34448,
        34488,
        34492,
        34499,
        34504,
        34576,
        34587,
        34597,
        34614,
        34624,
        34704,
        34723,
        34758,
        34769,
        34803,
        34804,
        34924,
        34925,
        34960,
        35203,
        35206,
        35307,
        35321,
        35325,
        35329,
        35338,
        35339,
        35340,
        35467,
        35539,
        35660,
        35670,
        35671,
        35675,
        35679,
        35693,
        35739,
        35742,
        35754,
        35843,
        35844,
        35865,
        35924,
        35925,
        35927,
        36031,
        36033,
        36045,
        36056,
        36062,
        36088,
        36090,
        36139,
        36185,
        36196,
        36286,
        36315,
        36332,
        36333,
        36386,
        36446,
        36455,
        36517,
        36525,
        36544,
        36547,
        36549,
        36554,
        36589,
        36622,
        36633,
        36634,
        36635,
        36639,
        36650,
        36656,
        36684,
        36691,
        36722,
        36724,
        36735,
        36744,
        36767,
        36787,
        36793,
        36800,
        36804,
        36806,
        36808,
        36811,
        36858,
        36881,
        36883,
        36884,
        36897,
        36906,
        36917,
        36922,
        36933,
        36936,
        36937,
        36939,
        36948,
        36949,
        36952,
        36961,
        36976,
        37011,
        37020,
        37044,
        37063,
        37126,
        37148,
        37155,
        37161,
        37197,
        37232,
        37251,
        37261,
        37287,
        37290,
        37303,
        37319,
        37335,
        37337,
        37339,
        37372,
        37395,
        37411,
        37413,
        37421,
        37439,
        37447,
        37476,
        37482,
        37491,
        37492,
        37494,
        37495,
        37498,
        37518,
        37522,
        37549,
        37555,
        37560,
        37563,
        37571,
        37572,
        37574,
        37590,
        37608,
        37678,
        37770,
        37785,
        37840,
        37844,
        37854,
        37927,
        37932,
        37933,
        37960,
        37961,
        38000,
        38052,
        38078,
        38119,
        38128,
        38165,
        38186,
        38195,
        38210,
        38212,
        38218,
        38237,
        38246,
        38270,
        38323,
        38333,
        38347,
        38353,
        38380,
        38400,
        38438,
        38446,
        38458,
        38462,
        38468,
        38486,
        38494,
        38498,
        38504,
        38537,
        38540,
        38544,
        38561,
        38571,
        38573,
        38606,
        38627,
        38633,
        38649,
        38666,
        38687,
        38695,
        38702,
        38708,
        38712,
        38714,
        38740,
        38743,
        38744,
        38747,
        38756,
        38771
      ]
    },
    {
      "date": "2026-10-18",
      "uniqueTournamentIds": [
        8,
        17,
        20,
        22,
        23,
        34,
        35,
        36,
        37,
        39,
        40,
        41,
        42,
        44,
        45,
        46,
        47,
        52,
        53,
        54,
        65,
        97,
        98,
        131,
        135,
        136,
        142,
        145,
        146,
        150,
        152,
        154,
        155,
        166,
        167,
        169,
        170,
        171,
        172,
        178,
        184,
        185,
        187,
        188,
        196,
        197,
        198,
        202,
        203,
        205,
        211,
        212,
        214,
        218,
        224,
        229,
        231,
        232,
        240,
        242,
        266,
        325,
        326,
        336,
        358,
        365,
        380,
        390,
        399,
        402,
        406,
        410,
        491,
        508,
        509,
        512,
        515,
        532,
        544,
        562,
        594,
        626,
        629,
        630,
        634,
        649,
        671,
        673,
        677,
        678,
        682,
        685,
        690,
        691,
        692,
        704,
        717,
        720,
        723,
        724,
        742,
        743,
        755,
        771,
        777,
        782,
        813,
        827,
        846,
        915,
        937,
        947,
        955,
        971,
        1000,
        1002,
        1015,
        1032,
        1044,
        1054,
        1083,
        1085,
        1089,
        1099,
        1101,
        1103,
        1105,
        1109,
        1115,
        1127,
        1129,
        1139,
        1191,
        1238,
        1240,
        1327,
        1339,
        1365,
        1374,
        1376,
        1378,
        1380,
        1382,
        1384,
        1386,
        1388,
        1390,
        1460,
        1542,
        1654,
        1662,
        1690,
        1892,
        1894,
        1900,
        2054,
        2060,
        2065,
        2072,
        2123,
        2288,
        2293,
        2294,
        2295,
        3085,
        3090,
        6783,
        9386,
        9387,
        9412,
        9415,
        10166,
        10307,
        10308,
        10381,
        10499,
        10511,
        10526,
        10527,
        10533,
        10535,
        10554,
        10560,
        10580,
        10602,
        10607,
        10608,
        10609,
        10640,
        10641,
        10741,
        11033,
        11084,
        11085,
        11086,
        11087,
        11088,
        11090,
        11105,
        11317,
        11346,
        11347,
        11348,
        11349,
        11350,
        11351,
        11356,
        11357,
        11358,
        11359,
        11360,
        11361,
        11362,
        11363,
        11364,
        11365,
        11366,
        11367,
        11401,
        11420,
        11445,
        11446,
        11447,
        11534,
        11535,
        11537,
        11539,
        11611,
        11613,
        11617,
        11619,
        11621,
        11667,
        11671,
        13362,
        13363,
        13593,
        13859,
        13946,
        13959,
        13994,
        14090,
        15273,
        15922,
        15930,
        15931,
        15935,
        15936,
        15939,
        15940,
        15941,
        15946,
        15981,
        15991,
        15992,
        15996,
        16325,
        16327,
        16328,
        16338,
        16345,
        16347,
        16368,
        16383,
        16384,
        16391,
        16401,
        16407,
        16408,
        16409,
        16411,
        16420,
        16421,
        16432,
        16433,
        16434,
        16435,
        16438,
        16444,
        16473,
        16479,
        16484,
        16504,
        16505,
        16509,
        16511,
        16545,
        16551,
        16554,
        16555,
        16577,
        16609,
        16627,
        16637,
        16652,
        16658,
        16663,
        16670,
        16672,
        16676,
        16681,
        16682,
        16686,
        16701,
        16730,
        16736,
        16749,
        16755,
        16785,
        16786,
        16788,
        16802,
        16805,
        16806,
        16813,
        16817,
        16838,
        16840,
        16841,
        16845,
        16846,
        16869,
        16877,
        16882,
        16915,
        16918,
        16934,
        17073,
        17114,
        17138,
        17168,
        17180,
        17208,
        17210,
        17211,
        17212,
        17219,
        17225,
        17226,
        17241,
        17255,
        17257,
        17270,
        17346,
        17369,
        17371,
        17376,
        17394,
        17396,
        17400,
        17403,
        18218,
        18236,
        18242,
        18275,
        18278,
        18282,
        18283,
        18284,
        18285,
        18289,
        18301,
        18304,
        18320,
        18353,
        18358,
        18387,
        18391,
        18405,
        18408,
        18412,
        18426,
        18440,
        18497,
        18522,
        18559,
        18641,
        18653,
        18725,
        18875,
        18882,
        18913,
        18944,
        19015,
        19028,
        19033,
        19051,
        19052,
        19069,
        19071,
        19073,
        19109,
        19114,
        19124,
        19137,
        19162,
        19208,
        19219,
        19252,
        19253,
        19257,
        19276,
        19277,
        19282,
        19283,
        19296,
        19300,
        19314,
        19315,
        19316,
        19325,
        19346,
        19363,
        19394,
        19403,
        19410,
        19411,
        19524,
        19543,
        19548,
        19558,
        19559,
        19562,
        19563,
        19568,
        19587,
        19632,
        19636,
        19639,
        19640,
        19665,
        19677,
        19684,
        19716,
        19718,
        19752,
        19768,
        19807,
        19830,
        19860,
        19867,
        19886,
        19888,
        19894,
        19936,
        19944,
        19945,
        19957,
        19968,
        20066,
        20071,
        20094,
        20095,
        20118,
        20168,
        20209,
        20213,
        20270,
        20369,
        20426,
        20434,
        20439,
        20694,
        20698,
        20706,
        20707,
        20720,
        20731,
        20740,
        20758,
        20862,
        20870,
        20871,
        20898,
        20929,
        20945,
        20946,
        20947,
        20948,
        20949,
        20950,
        20979,
        20983,
        21004,
        21025,
        21029,
        21056,
        21065,
        21080,
        21133,
        21150,
        21209,
        21253,
        21338,
        21339,
        21340,
        21341,
        21342,
        21343,
        21344,
        21345,
        21406,
        21409,
        21413,
        21424,
        21490,
        21564,
        21607,
        21655,
        21804,
        21952,
        21954,
        21975,
        21987,
        22020,
        22043,
        22051,
        22063,
        22117,
        22133,
        22134,
        22135,
        22204,
        22224,
        22240,
        22250,
        22256,
        22400,
        22446,
        22492,
        22506,
        22513,
        22519,
        22527,
        22542,
        22547,
        22563,
        22592,
        22614,
        22619,
        22651,
        22699,
        22700,
        22702,
        22703,
        22723,
        22724,
        22729,
        22760,
        22772,
        22776,
        22777,
        22779,
        22795,
        22819,
        22855,
        22881,
        22892,
        22893,
        22914,
        22977,
        23011,
        23038,
        23041,
        23046,
        23050,
        23057,
        23061,
        23065,
        23077,
        23084,
        23095,
        23109,
        23117,
        23147,
        23154,
        23180,
        23226,
        23229,
        23230,
        23231,
        23240,
        23244,
        23274,
        23294,
        23301,
        23302,
        23311,
        23328,
        23338,
        23349,
        23371,
        23402,
        23422,
        23427,
        23436,
        23457,
        23461,
        23473,
        23491,
        23500,
        23530,
        23531,
        23573,
        23602,
        23624,
        23656,
        23673,
        23684,
        23690,
        23715,
        23787,
        23837,
        23838,
        23869,
        23978,
        23988,
        23999,
        24007,
        24040,
        24043,
        24067,
        24073,
        24101,
        24160,
        24171,
        24176,
        24235,
        24249,
        24253,
        24254,
        24303,
        24318,
        24324,
        24341,
        24342,
        24369,
        24383,
        24400,
        24417,
        24431,
        24445,
        24503,
        24552,
        24613,
        24650,
        24659,
        24835,
        24847,
        25059,
        25121,
        25192,
        25212,
        25278,
        25281,
        25282,
        25366,
        25410,
        25484,
        25502,
        25795,
        25876,
        25902,
        25911,
        25914,
        26000,
        26106,
        26120,
        26135,
        26153,
        26154,
        26244,
        26283,
        26371,
        26489,
        26490,
        26518,
        26533,
        26543,
        26632,
        26806,
        27045,
        27232,
        27233,
        27264,
        27372,
        27503,
        27504,
        27586,
        27670,
        27675,
        27693,
        27820,
        27917,
        27931,
        27933,
        27940,
        27941,
        27943,
        27969,
        27980,
        28082,
        28083,
        28122,
        28151,
        28158,
        28160,
        28165,
        28168,
        28281,
        28291,
        28306,
        28307,
        28343,
        28362,
        28471,
        28475,
        28490,
        28530,
        28541,
        28543,
        28570,
        28574,
        28660,
        28668,
        28674,
        28683,
        28684,
        28724,
        28727,
        28729,
        28749,
        28755,
        28757,
        28862,
        28930,
        28936,
        28947,
        29009,
        29010,
        29073,
        29077,
        29084,
        29096,
        29179,
        29264,
        29333,
        29344,
        29369,
        29395,
        29423,
        29543,
        29627,
        29642,
        29643,
        29645,
        29652,
        29728,
        29732,
        29749,
        29784,
        29794,
        29795,
        29802,
        29894,
        29923,
        29962,
        29964,
        29979,
        30030,
        30043,
        30075,
        30076,
        30191,
        30200,
        30238,
        30375,
        30391,
        30428,
        30583,
        30596,
        30624,
        30667,
        30669,
        30675,
        30685,
        30693,
        30702,
        30706,
        30726,
        30835,
        30842,
        30961,
        30962,
        30996,
        31006,
        31021,
        31045,
        31055,
        31149,
        31169,
        31174,
        31206,
        31243,
        31267,
        31278,
        31329,
        31338,
        31354,
        31434,
        31465,
        31539,
        31540,
        31556,
        31562,
        31630,
        31642,
        31696,
        31766,
        31774,
        31803,
        31827,
        31835,
        31857,
        31957,
        32058,
        32129,
        32188,
        32194,
        32240,
        32249,
        32367,
        32505,
        32511,
        32551,
        32623,
        32625,
        32682,
        32727,
        32732,
        32781,
        32803,
        32819,
        32820,
        33487,
        33500,
        33808,
        33809,
        33820,
        33838,
        33915,
        33917,
        33925,
        33932,
        33950,
        33971,
        33974,
        33988,
        34066,
        34067,
        34073,
        34176,
        34233,
        34234,
        34268,
        34328,
        34337,
        34352,
        34358,
        34370,
        34381,
        34417,
        34437,
        34488,
        34492,
        34499,
        34504,
        34520,
        34587,
        34624,
        34731,
        34803,
        34804,
        34924,
        34925,
        34960,
        35019,
        35065,
        35277,
        35307,
        35321,
        35329,
        35610,
        35660,
        35661,
        35665,
        35666,
        35668,
        35669,
        35670,
        35671,
        35675,
        35693,
        35739,
        35742,
        35754,
        35850,
        35865,
        35924,
        35927,
        36031,
        36033,
        36071,
        36072,
        36073,
        36075,
        36079,
        36080,
        36081,
        36083,
        36087,
        36088,
        36103,
        36118,
        36175,
        36185,
        36190,
        36191,
        36223,
        36315,
        36384,
        36446,
        36455,
        36517,
        36525,
        36552,
        36589,
        36596,
        36622,
        36633,
        36636,
        36713,
        36722,
        36734,
        36738,
        36743,
        36744,
        36767,
        36781,
        36784,
        36786,
        36800,
        36810,
        36857,
        36859,
        36864,
        36881,
        36883,
        36884,
        36897,
        36899,
        36906,
        36917,
        36919,
        36924,
        36936,
        36949,
        36950,
        36977,
        36991,
        37020,
        37028,
        37044,
        37086,
        37104,
        37124,
        37147,
        37148,
        37151,
        37155,
        37160,
        37197,
        37232,
        37240,
        37258,
        37259,
        37262,
        37290,
        37294,
        37297,
        37335,
        37337,
        37361,
        37362,
        37401,
        37405,
        37421,
        37439,
        37447,
        37463,
        37464,
        37466,
        37467,
        37472,
        37476,
        37482,
        37484,
        37485,
        37491,
        37494,
        37496,
        37497,
        37498,
        37522,
        37536,
        37541,
        37549,
        37553,
        37563,
        37575,
        37580,
        37590,
        37594,
        37606,
        37608,
        37642,
        37655,
        37678,
        37680,
        37696,
        37699,
        37728,
        37752,
        37764,
        37766,
        37768,
        37785,
        37837,
        37839,
        37843,
        37844,
        37854,
        37882,
        37932,
        37988,
        38052,
        38078,
        38111,
        38119,
        38122,
        38127,
        38171,
        38212,
        38218,
        38246,
        38250,
        38262,
        38270,
        38321,
        38333,
        38338,
        38349,
        38353,
        38357,
        38379,
        38400,
        38415,
        38425,
        38438,
        38444,
        38446,
        38453,
        38481,
        38494,
        38498,
        38504,
        38523,
        38524,
        38537,
        38540,
        38564,
        38627,
        38633,
        38649,
        38666,
        38670,
        38685,
        38703,
        38704,
        38708,
        38713,
        38714,
        38724,
        38739,
        38743,
        38744,
        38747,
        38755,
        38771
      ]
    },
    {
      "date": "2026-10-19",
      "uniqueTournamentIds": [
        8,
        17,
        23,
        39,
        40,
        46,
        52,
        54,
        98,
        131,
        152,
        169,
        171,
        182,
        192,
        197,
        198,
        203,
        229,
        232,
        238,
        266,
        325,
        380,
        390,
        626,
        672,
        678,
        727,
        755,
        772,
        808,
        827,
        915,
        947,
        955,
        1002,
        1129,
        1131,
        1238,
        1240,
        1339,
        1892,
        1900,
        2058,
        2120,
        10533,
        10580,
        10602,
        10619,
        10741,
        11082,
        11083,
        11084,
        11086,
        11087,
        11338,
        11341,
        11342,
        11445,
        11446,
        11539,
        11613,
        11621,
        13593,
        13959,
        15946,
        16785,
        17403,
        18218,
        18725,
        18944,
        19886,
        20758,
        21235,
        22434,
        22545,
        22546,
        22651,
        22958,
        23255,
        23406,
        23407,
        23424,
        23552,
        23725,
        24021,
        24309,
        24324,
        24342,
        24383,
        24417,
        25664,
        25783,
        25864,
        25871,
        27221,
        27238,
        28165,
        28285,
        28541,
        28543,
        28724,
        28757,
        28868,
        28908,
        28936,
        29061,
        29179,
        29749,
        31533,
        31551,
        31600,
        31651,
        31652,
        31667,
        31772,
        32197,
        32641,
        32852,
        33487,
        33664,
        33808,
        33809,
        33869,
        33932,
        34085,
        34203,
        34268,
        34614,
        34643,
        34727,
        35095,
        35514,
        35647,
        35843,
        36031,
        36033,
        36103,
        36385,
        36767,
        36906,
        37028,
        37491,
        37492,
        37493,
        37494,
        37495,
        37496,
        37497,
        37518,
        37522,
        37553,
        37643,
        37732,
        37771,
        37837,
        37896,
        38000,
        38133,
        38165,
        38357,
        38392,
        38481,
        38487,
        38751,
        38754
      ]
    },
    {
      "date": "2026-10-20",
      "uniqueTournamentIds": [
        7,
        18,
        24,
        25,
        46,
        174,
        200,
        206,
        303,
        307,
        493,
        509,
        611,
        629,
        672,
        808,
        827,
        955,
        1015,
        1062,
        1111,
        1131,
        1238,
        1592,
        1892,
        2120,
        2132,
        10166,
        10602,
        10619,
        11338,
        11340,
        11341,
        11342,
        11534,
        11535,
        11539,
        13593,
        13946,
        15946,
        16554,
        16760,
        16911,
        17114,
        17242,
        18772,
        18817,
        18836,
        19126,
        19252,
        19275,
        19550,
        20902,
        20931,
        21076,
        21485,
        21792,
        21955,
        22154,
        22205,
        22434,
        22446,
        22795,
        22931,
        22942,
        22958,
        22962,
        23123,
        23214,
        23255,
        23298,
        23366,
        23487,
        23552,
        24029,
        24252,
        24309,
        24324,
        24351,
        24383,
        24417,
        24792,
        24848,
        25864,
        25973,
        26768,
        26906,
        27221,
        27238,
        27675,
        27969,
        28140,
        28163,
        28212,
        28285,
        28306,
        28541,
        28543,
        28657,
        28825,
        28868,
        28882,
        28908,
        28918,
        28942,
        29013,
        29061,
        29247,
        29560,
        29639,
        29894,
        30121,
        30364,
        30430,
        30702,
        31345,
        31551,
        31773,
        31867,
        32134,
        33726,
        33800,
        33895,
        34085,
        34268,
        34345,
        34614,
        34748,
        35338,
        35371,
        35514,
        35647,
        35843,
        35849,
        36031,
        36033,
        37027,
        37045,
        37232,
        37251,
        37261,
        37518,
        37555,
        37560,
        37622,
        38064,
        38133,
        38165,
        38254,
        38379,
        38392,
        38436,
        38714
      ]
    },
    {
      "date": "2026-10-21",
      "uniqueTournamentIds": [
        7,
        8,
        22,
        24,
        76,
        196,
        242,
        303,
        315,
        402,
        480,
        495,
        629,
        634,
        672,
        715,
        736,
        753,
        785,
        808,
        827,
        915,
        1015,
        1062,
        1101,
        1111,
        1131,
        1221,
        1307,
        1376,
        1380,
        1542,
        1592,
        2054,
        2120,
        2132,
        2293,
        9230,
        9387,
        10166,
        10240,
        10499,
        10560,
        10602,
        10607,
        10608,
        11086,
        11316,
        11340,
        11361,
        11539,
        11541,
        11619,
        11621,
        11667,
        13362,
        13363,
        13946,
        15016,
        15946,
        16554,
        16577,
        16786,
        16911,
        16915,
        17114,
        17242,
        18653,
        18772,
        18817,
        18877,
        18944,
        19126,
        19252,
        19275,
        19427,
        19550,
        20001,
        20118,
        20426,
        20695,
        20797,
        20902,
        20981,
        21076,
        21079,
        21150,
        21226,
        21792,
        21955,
        22154,
        22510,
        22514,
        22723,
        22772,
        22795,
        22942,
        22977,
        23039,
        23042,
        23095,
        23108,
        23123,
        23219,
        23298,
        23331,
        23345,
        23360,
        23366,
        23502,
        23552,
        24114,
        24213,
        24252,
        24295,
        24309,
        24324,
        24342,
        24381,
        24383,
        24417,
        24434,
        25410,
        25864,
        25876,
        26370,
        26768,
        27221,
        27675,
        27962,
        27963,
        27969,
        28140,
        28165,
        28212,
        28306,
        28531,
        28541,
        28543,
        28559,
        28655,
        28714,
        28821,
        28868,
        28918,
        29052,
        29061,
        29187,
        30075,
        30121,
        30201,
        30426,
        30430,
        30848,
        30987,
        31934,
        32249,
        33823,
        33895,
        33950,
        33955,
        34073,
        34268,
        34614,
        34643,
        34727,
        34815,
        35019,
        35325,
        35338,
        35371,
        35514,
        35849,
        36031,
        36033,
        36133,
        36385,
        36518,
        36589,
        36802,
        36936,
        37124,
        37323,
        37518,
        37590,
        37717,
        37742,
        37837,
        37896,
        38000,
        38018,
        38102,
        38133,
        38213,
        38338,
        38348,
        38357,
        38362,
        38392,
        38508,
        38524,
        38714,
        38733,
        38740
      ]
    },
    {
      "date": "2026-10-22",
      "uniqueTournamentIds": [
        384,
        626,
        678,
        679,
        731,
        755,
        771,
        772,
        825,
        827,
        841,
        846,
        915,
        929,
        955,
        1015,
        10166,
        10536,
        10602,
        11621,
        13361,
        15946,
        16760,
        17015,
        17027,
        18772,
        18817,
        18944,
        19550,
        19830,
        20695,
        20758,
        20870,
        20931,
        21607,
        22614,
        22723,
        22977,
        23064,
        23123,
        23292,
        23299,
        24040,
        24120,
        24180,
        24309,
        24324,
        24342,
        24365,
        24381,
        24383,
        24417,
        25864,
        25871,
        25911,
        26768,
        27221,
        27675,
        28081,
        28384,
        28541,
        28543,
        28831,
        28868,
        29010,
        29061,
        29238,
        30373,
        30521,
        30706,
        31247,
        31934,
        32105,
        32134,
        34268,
        34614,
        34727,
        34748,
        34789,
        35338,
        36031,
        36033,
        36088,
        36192,
        36223,
        36274,
        36385,
        36743,
        36900,
        36906,
        36927,
        37027,
        37045,
        37196,
        37251,
        37518,
        37542,
        37622,
        37717,
        37732,
        37771,
        37837,
        37841,
        38064,
        38133,
        38165,
        38254,
        38357,
        38362
      ]
    },
    {
      "date": "2026-10-23",
      "uniqueTournamentIds": [
        8,
        9,
        17,
        18,
        23,
        34,
        35,
        37,
        38,
        39,
        40,
        44,
        45,
        46,
        47,
        52,
        53,
        65,
        98,
        131,
        135,
        136,
        166,
        169,
        173,
        182,
        192,
        197,
        201,
        202,
        203,
        204,
        205,
        214,
        216,
        229,
        238,
        239,
        254,
        325,
        384,
        406,
        491,
        493,
        508,
        509,
        512,
        594,
        626,
        671,
        674,
        676,
        678,
        692,
        701,
        704,
        709,
        710,
        727,
        738,
        771,
        813,
        825,
        827,
        846,
        879,
        915,
        929,
        955,
        1002,
        1054,
        1083,
        1085,
        1089,
        1091,
        1103,
        1115,
        1127,
        1129,
        1542,
        1900,
        1906,
        2127,
        2295,
        3090,
        10297,
        10307,
        10536,
        10602,
        10608,
        11087,
        11420,
        11446,
        11447,
        11539,
        11611,
        11617,
        13361,
        13362,
        13593,
        13820,
        13821,
        13946,
        15934,
        15946,
        16504,
        16607,
        16663,
        16760,
        16785,
        16789,
        16817,
        16934,
        17072,
        17131,
        17255,
        17368,
        18399,
        18408,
        18772,
        18913,
        18944,
        19015,
        19071,
        19073,
        19086,
        19290,
        19325,
        19640,
        19830,
        19936,
        20071,
        20094,
        20318,
        20373,
        20426,
        20434,
        20695,
        20871,
        20980,
        21408,
        21531,
        21607,
        21792,
        22205,
        22224,
        22490,
        22506,
        22592,
        22651,
        22724,
        22740,
        22795,
        22907,
        22962,
        22977,
        23046,
        23064,
        23229,
        23292,
        23366,
        23406,
        23407,
        23473,
        23684,
        23997,
        24040,
        24120,
        24140,
        24142,
        24234,
        24309,
        24324,
        24334,
        24342,
        24365,
        24383,
        24417,
        25484,
        25764,
        25864,
        25871,
        25904,
        26037,
        26135,
        26533,
        26806,
        27221,
        27492,
        27670,
        27675,
        27801,
        27820,
        27931,
        27932,
        27933,
        27940,
        27941,
        27943,
        27969,
        28122,
        28151,
        28163,
        28306,
        28384,
        28530,
        28541,
        28543,
        28868,
        28932,
        29010,
        29061,
        29238,
        29369,
        29443,
        29639,
        30056,
        30238,
        30373,
        30863,
        31006,
        31056,
        31773,
        32105,
        32131,
        32194,
        32439,
        32551,
        32625,
        33673,
        33849,
        33886,
        33915,
        33925,
        33950,
        34085,
        34093,
        34268,
        34411,
        34414,
        34587,
        34804,
        35018,
        35055,
        35214,
        35215,
        35661,
        35666,
        35676,
        35742,
        35843,
        35865,
        35924,
        35925,
        35927,
        36031,
        36033,
        36058,
        36063,
        36088,
        36133,
        36196,
        36274,
        36315,
        36547,
        36767,
        36879,
        36906,
        36973,
        37027,
        37044,
        37045,
        37287,
        37372,
        37395,
        37401,
        37447,
        37555,
        37606,
        37696,
        37699,
        37960,
        38052,
        38133,
        38165,
        38254,
        38338,
        38438,
        38473,
        38485,
        38507,
        38523,
        38631,
        38714,
        38731
      ]
    },
    {
      "date": "2026-10-24",
      "uniqueTournamentIds": [
        8,
        9,
        17,
        18,
        20,
        22,
        23,
        24,
        25,
        34,
        35,
        36,
        37,
        38,
        40,
        41,
        42,
        44,
        45,
        46,
        47,
        52,
        53,
        54,
        65,
        97,
        98,
        131,
        135,
        136,
        142,
        152,
        154,
        166,
        167,
        169,
        170,
        171,
        172,
        173,
        174,
        176,
        178,
        182,
        184,
        185,
        186,
        187,
        188,
        196,
        197,
        198,
        199,
        200,
        201,
        202,
        203,
        205,
        206,
        207,
        210,
        211,
        214,
        215,
        216,
        218,
        224,
        229,
        232,
        238,
        239,
        242,
        247,
        254,
        266,
        291,
        325,
        380,
        390,
        402,
        406,
        410,
        491,
        493,
        508,
        509,
        512,
        515,
        562,
        594,
        626,
        628,
        629,
        630,
        634,
        649,
        671,
        676,
        677,
        678,
        685,
        691,
        692,
        701,
        703,
        704,
        709,
        715,
        716,
        718,
        720,
        721,
        722,
        724,
        726,
        738,
        753,
        771,
        777,
        782,
        813,
        822,
        823,
        827,
        846,
        929,
        955,
        1002,
        1015,
        1032,
        1044,
        1054,
        1079,
        1083,
        1085,
        1089,
        1091,
        1093,
        1095,
        1097,
        1099,
        1101,
        1103,
        1109,
        1111,
        1115,
        1127,
        1129,
        1131,
        1135,
        1139,
        1327,
        1347,
        1365,
        1460,
        1542,
        1644,
        1662,
        1690,
        1894,
        1900,
        1906,
        2060,
        2065,
        2072,
        2288,
        2292,
        2293,
        2294,
        2295,
        2308,
        3090,
        6783,
        9387,
        9412,
        9415,
        10381,
        10510,
        10511,
        10518,
        10527,
        10534,
        10535,
        10560,
        10580,
        10607,
        10608,
        10640,
        10741,
        11082,
        11083,
        11084,
        11085,
        11086,
        11087,
        11088,
        11090,
        11315,
        11316,
        11317,
        11318,
        11342,
        11364,
        11402,
        11414,
        11420,
        11445,
        11446,
        11447,
        11534,
        11537,
        11539,
        11611,
        11617,
        11621,
        11653,
        13362,
        13363,
        13593,
        13820,
        13821,
        13859,
        15273,
        15919,
        15922,
        15935,
        15936,
        15940,
        15941,
        15946,
        15979,
        15980,
        15983,
        15991,
        15992,
        15996,
        16325,
        16327,
        16328,
        16347,
        16362,
        16383,
        16391,
        16401,
        16422,
        16432,
        16438,
        16448,
        16479,
        16484,
        16495,
        16505,
        16509,
        16510,
        16511,
        16545,
        16554,
        16555,
        16577,
        16607,
        16627,
        16637,
        16652,
        16658,
        16663,
        16670,
        16672,
        16676,
        16682,
        16686,
        16701,
        16730,
        16749,
        16779,
        16785,
        16786,
        16787,
        16789,
        16796,
        16797,
        16804,
        16809,
        16813,
        16826,
        16833,
        16838,
        16845,
        16869,
        16877,
        16890,
        16892,
        16911,
        16915,
        16918,
        16934,
        17072,
        17101,
        17114,
        17138,
        17141,
        17143,
        17167,
        17181,
        17208,
        17211,
        17225,
        17242,
        17255,
        17257,
        17346,
        17366,
        17369,
        17372,
        17373,
        17394,
        17395,
        17401,
        18218,
        18236,
        18276,
        18279,
        18282,
        18287,
        18288,
        18289,
        18304,
        18308,
        18309,
        18315,
        18320,
        18330,
        18355,
        18360,
        18391,
        18393,
        18398,
        18399,
        18405,
        18412,
        18424,
        18425,
        18426,
        18476,
        18480,
        18497,
        18522,
        18653,
        18718,
        18772,
        18875,
        18878,
        18913,
        18933,
        19010,
        19015,
        19016,
        19027,
        19029,
        19049,
        19051,
        19065,
        19069,
        19071,
        19086,
        19087,
        19109,
        19114,
        19115,
        19122,
        19124,
        19126,
        19141,
        19162,
        19183,
        19237,
        19241,
        19251,
        19252,
        19256,
        19275,
        19287,
        19290,
        19293,
        19296,
        19315,
        19336,
        19346,
        19404,
        19524,
        19548,
        19568,
        19570,
        19587,
        19639,
        19640,
        19657,
        19666,
        19684,
        19768,
        19830,
        19860,
        19886,
        19894,
        19945,
        19957,
        19979,
        19980,
        20044,
        20065,
        20066,
        20071,
        20110,
        20118,
        20168,
        20369,
        20426,
        20434,
        20706,
        20707,
        20720,
        20758,
        20805,
        20862,
        20870,
        20895,
        20898,
        20902,
        20930,
        20945,
        20946,
        20947,
        20948,
        20949,
        20950,
        21004,
        21025,
        21029,
        21076,
        21080,
        21116,
        21133,
        21209,
        21397,
        21406,
        21408,
        21409,
        21424,
        21485,
        21490,
        21531,
        21556,
        21655,
        21792,
        21954,
        21955,
        22027,
        22043,
        22051,
        22057,
        22062,
        22133,
        22154,
        22204,
        22205,
        22224,
        22252,
        22372,
        22400,
        22405,
        22407,
        22434,
        22446,
        22448,
        22506,
        22513,
        22525,
        22526,
        22542,
        22563,
        22651,
        22699,
        22700,
        22702,
        22703,
        22723,
        22724,
        22729,
        22740,
        22772,
        22776,
        22777,
        22795,
        22818,
        22881,
        22890,
        22914,
        22925,
        22926,
        22931,
        22934,
        22958,
        22962,
        22977,
        22988,
        23011,
        23038,
        23046,
        23055,
        23064,
        23065,
        23095,
        23108,
        23109,
        23122,
        23147,
        23150,
        23154,
        23180,
        23204,
        23214,
        23216,
        23226,
        23229,
        23230,
        23240,
        23244,
        23259,
        23274,
        23294,
        23298,
        23311,
        23328,
        23366,
        23402,
        23422,
        23427,
        23441,
        23461,
        23473,
        23500,
        23530,
        23531,
        23552,
        23600,
        23660,
        23673,
        23680,
        23684,
        23837,
        23841,
        23869,
        23969,
        24040,
        24043,
        24073,
        24172,
        24252,
        24253,
        24309,
        24318,
        24324,
        24341,
        24342,
        24381,
        24383,
        24417,
        24552,
        24719,
        24791,
        24792,
        24835,
        24847,
        24848,
        24914,
        25092,
        25094,
        25121,
        25135,
        25278,
        25281,
        25282,
        25308,
        25410,
        25484,
        25633,
        25760,
        25771,
        25876,
        25902,
        25921,
        25991,
        26120,
        26244,
        26283,
        26498,
        26533,
        26639,
        26670,
        26786,
        26806,
        27216,
        27666,
        27670,
        27675,
        27801,
        27820,
        27940,
        27941,
        27943,
        27962,
        27963,
        27969,
        27980,
        28016,
        28082,
        28083,
        28122,
        28140,
        28151,
        28163,
        28168,
        28169,
        28212,
        28269,
        28276,
        28280,
        28285,
        28306,
        28343,
        28384,
        28471,
        28475,
        28501,
        28525,
        28530,
        28539,
        28540,
        28541,
        28543,
        28656,
        28660,
        28674,
        28694,
        28695,
        28710,
        28711,
        28720,
        28729,
        28739,
        28755,
        28825,
        28830,
        28831,
        28835,
        28862,
        28868,
        28942,
        29009,
        29010,
        29045,
        29084,
        29187,
        29218,
        29333,
        29344,
        29363,
        29369,
        29395,
        29443,
        29559,
        29560,
        29639,
        29728,
        29749,
        29784,
        29802,
        29890,
        29894,
        29923,
        29933,
        29962,
        29964,
        30035,
        30036,
        30040,
        30041,
        30059,
        30076,
        30101,
        30121,
        30184,
        30221,
        30238,
        30391,
        30521,
        30552,
        30596,
        30624,
        30667,
        30685,
        30693,
        30702,
        30835,
        30842,
        30863,
        30961,
        30994,
        30996,
        31006,
        31055,
        31166,
        31169,
        31246,
        31329,
        31354,
        31465,
        31538,
        31630,
        31769,
        31790,
        31803,
        31835,
        31946,
        32058,
        32124,
        32129,
        32131,
        32134,
        32149,
        32194,
        32234,
        32249,
        32269,
        32367,
        32438,
        32439,
        32462,
        32551,
        32625,
        32650,
        32669,
        32732,
        32781,
        32819,
        33487,
        33500,
        33505,
        33665,
        33726,
        33800,
        33820,
        33838,
        33842,
        33885,
        33898,
        33915,
        33917,
        33925,
        33932,
        33950,
        33971,
        33978,
        33988,
        34011,
        34066,
        34073,
        34108,
        34201,
        34205,
        34226,
        34233,
        34234,
        34240,
        34268,
        34342,
        34352,
        34370,
        34411,
        34414,
        34417,
        34437,
        34448,
        34488,
        34499,
        34504,
        34576,
        34587,
        34597,
        34614,
        34653,
        34704,
        34723,
        34758,
        34769,
        34803,
        34804,
        34960,
        35203,
        35206,
        35277,
        35307,
        35321,
        35325,
        35329,
        35339,
        35340,
        35371,
        35467,
        35660,
        35661,
        35665,
        35666,
        35670,
        35671,
        35675,
        35693,
        35742,
        35754,
        35843,
        35844,
        35865,
        35924,
        35925,
        35927,
        36031,
        36033,
        36045,
        36056,
        36062,
        36088,
        36090,
        36132,
        36133,
        36139,
        36315,
        36332,
        36333,
        36385,
        36386,
        36446,
        36455,
        36517,
        36544,
        36547,
        36549,
        36557,
        36568,
        36622,
        36633,
        36635,
        36639,
        36691,
        36722,
        36735,
        36744,
        36761,
        36765,
        36767,
        36787,
        36793,
        36800,
        36804,
        36806,
        36811,
        36835,
        36858,
        36872,
        36873,
        36881,
        36883,
        36884,
        36900,
        36906,
        36936,
        36941,
        36952,
        36961,
        36976,
        37011,
        37027,
        37044,
        37045,
        37063,
        37104,
        37124,
        37126,
        37161,
        37232,
        37240,
        37251,
        37261,
        37287,
        37290,
        37303,
        37319,
        37323,
        37335,
        37337,
        37339,
        37350,
        37369,
        37372,
        37395,
        37411,
        37413,
        37421,
        37439,
        37447,
        37464,
        37476,
        37487,
        37498,
        37502,
        37549,
        37555,
        37569,
        37571,
        37572,
        37574,
        37678,
        37695,
        37699,
        37770,
        37772,
        37778,
        37843,
        37844,
        37927,
        37932,
        37960,
        37961,
        38000,
        38052,
        38064,
        38114,
        38119,
        38186,
        38195,
        38210,
        38212,
        38254,
        38270,
        38323,
        38338,
        38348,
        38353,
        38380,
        38400,
        38432,
        38438,
        38446,
        38458,
        38481,
        38486,
        38523,
        38540,
        38571,
        38606,
        38627,
        38633,
        38649,
        38687,
        38702,
        38704,
        38708,
        38712,
        38714,
        38740,
        38744,
        38754,
        38756,
        38771
      ]
    },
    {
      "date": "2026-10-25",
      "uniqueTournamentIds": [
        8,
        17,
        20,
        22,
        23,
        34,
        35,
        36,
        37,
        39,
        40,
        41,
        42,
        44,
        45,
        46,
        52,
        53,
        54,
        65,
        98,
        136,
        142,
        145,
        146,
        150,
        155,
        167,
        169,
        171,
        172,
        178,
        184,
        185,
        187,
        196,
        197,
        198,
        202,
        203,
        205,
        211,
        214,
        215,
        216,
        224,
        229,
        232,
        238,
        239,
        240,
        242,
        325,
        380,
        402,
        406,
        491,
        493,
        508,
        509,
        512,
        544,
        594,
        626,
        629,
        630,
        634,
        671,
        673,
        676,
        677,
        678,
        685,
        690,
        717,
        723,
        738,
        742,
        743,
        749,
        753,
        777,
        778,
        782,
        813,
        823,
        827,
        915,
        1015,
        1032,
        1044,
        1054,
        1079,
        1083,
        1085,
        1093,
        1095,
        1099,
        1103,
        1105,
        1109,
        1115,
        1127,
        1191,
        1240,
        1327,
        1339,
        1374,
        1376,
        1378,
        1380,
        1382,
        1384,
        1386,
        1388,
        1390,
        1542,
        1654,
        1690,
        1892,
        1894,
        1900,
        2054,
        2060,
        2123,
        2288,
        2292,
        2294,
        2295,
        3085,
        3090,
        9386,
        9387,
        9412,
        9415,
        10093,
        10381,
        10511,
        10526,
        10527,
        10533,
        10535,
        10553,
        10580,
        10608,
        10609,
        10619,
        10640,
        10741,
        11085,
        11088,
        11090,
        11105,
        11346,
        11347,
        11348,
        11349,
        11362,
        11363,
        11364,
        11365,
        11366,
        11367,
        11420,
        11445,
        11446,
        11447,
        11534,
        11535,
        11537,
        11539,
        11611,
        11617,
        11619,
        11621,
        11653,
        11671,
        13362,
        13363,
        13470,
        13593,
        13859,
        13959,
        15273,
        15922,
        15930,
        15931,
        15934,
        15935,
        15936,
        15939,
        15940,
        15941,
        15946,
        15979,
        15981,
        15992,
        15996,
        16325,
        16328,
        16338,
        16345,
        16347,
        16368,
        16383,
        16384,
        16391,
        16401,
        16407,
        16408,
        16409,
        16420,
        16421,
        16432,
        16433,
        16434,
        16435,
        16438,
        16444,
        16473,
        16479,
        16484,
        16504,
        16505,
        16509,
        16510,
        16545,
        16551,
        16554,
        16609,
        16627,
        16637,
        16652,
        16655,
        16658,
        16663,
        16670,
        16672,
        16676,
        16681,
        16682,
        16686,
        16701,
        16730,
        16749,
        16755,
        16785,
        16786,
        16788,
        16802,
        16805,
        16806,
        16813,
        16817,
        16833,
        16838,
        16841,
        16845,
        16846,
        16869,
        16877,
        16882,
        16911,
        16915,
        16918,
        17073,
        17101,
        17138,
        17141,
        17168,
        17180,
        17191,
        17208,
        17210,
        17212,
        17257,
        17270,
        17346,
        17369,
        17376,
        17394,
        17396,
        17400,
        18209,
        18218,
        18236,
        18242,
        18264,
        18278,
        18282,
        18283,
        18284,
        18285,
        18289,
        18290,
        18301,
        18304,
        18358,
        18387,
        18391,
        18405,
        18408,
        18412,
        18424,
        18426,
        18440,
        18497,
        18522,
        18718,
        18875,
        18878,
        18933,
        19015,
        19028,
        19033,
        19052,
        19069,
        19109,
        19114,
        19137,
        19162,
        19183,
        19208,
        19235,
        19252,
        19253,
        19257,
        19276,
        19277,
        19282,
        19283,
        19296,
        19300,
        19314,
        19315,
        19316,
        19325,
        19346,
        19363,
        19394,
        19403,
        19410,
        19411,
        19524,
        19543,
        19548,
        19558,
        19559,
        19562,
        19563,
        19568,
        19587,
        19632,
        19636,
        19639,
        19640,
        19665,
        19677,
        19684,
        19716,
        19718,
        19752,
        19768,
        19830,
        19860,
        19867,
        19886,
        19888,
        19894,
        19944,
        19945,
        19957,
        19968,
        20066,
        20071,
        20094,
        20095,
        20118,
        20168,
        20213,
        20369,
        20426,
        20434,
        20698,
        20720,
        20731,
        20740,
        20862,
        20870,
        20898,
        20945,
        20946,
        20947,
        20948,
        20949,
        20950,
        20979,
        21004,
        21025,
        21029,
        21056,
        21065,
        21080,
        21209,
        21409,
        21424,
        21439,
        21490,
        21564,
        21804,
        21952,
        21954,
        21975,
        21987,
        22027,
        22043,
        22051,
        22117,
        22133,
        22135,
        22204,
        22224,
        22256,
        22400,
        22407,
        22446,
        22506,
        22513,
        22527,
        22542,
        22563,
        22592,
        22614,
        22619,
        22699,
        22700,
        22702,
        22703,
        22724,
        22729,
        22740,
        22772,
        22776,
        22777,
        22779,
        22818,
        22881,
        22892,
        22893,
        22914,
        22977,
        23011,
        23038,
        23041,
        23046,
        23057,
        23061,
        23065,
        23084,
        23095,
        23108,
        23109,
        23147,
        23154,
        23180,
        23226,
        23229,
        23230,
        23231,
        23274,
        23294,
        23301,
        23311,
        23338,
        23349,
        23402,
        23422,
        23427,
        23457,
        23461,
        23491,
        23500,
        23530,
        23531,
        23539,
        23600,
        23656,
        23660,
        23673,
        23684,
        23690,
        23715,
        23787,
        23869,
        23995,
        24039,
        24043,
        24073,
        24101,
        24140,
        24151,
        24158,
        24160,
        24249,
        24253,
        24254,
        24295,
        24303,
        24369,
        24383,
        24413,
        24417,
        24445,
        24497,
        24651,
        24835,
        24847,
        24917,
        25059,
        25092,
        25094,
        25121,
        25158,
        25212,
        25278,
        25282,
        25410,
        25484,
        25502,
        25642,
        25760,
        25795,
        25876,
        25902,
        25904,
        26000,
        26120,
        26135,
        26244,
        26371,
        26533,
        26632,
        26806,
        26860,
        27045,
        27213,
        27264,
        27586,
        27670,
        27801,
        27820,
        27931,
        27933,
        27940,
        27969,
        27980,
        28082,
        28083,
        28122,
        28158,
        28165,
        28168,
        28169,
        28281,
        28306,
        28307,
        28343,
        28362,
        28384,
        28469,
        28471,
        28530,
        28541,
        28543,
        28574,
        28655,
        28660,
        28674,
        28683,
        28697,
        28727,
        28729,
        28749,
        28757,
        28839,
        28936,
        28947,
        29009,
        29010,
        29073,
        29096,
        29179,
        29218,
        29333,
        29344,
        29369,
        29395,
        29426,
        29443,
        29534,
        29543,
        29627,
        29652,
        29728,
        29732,
        29749,
        29761,
        29784,
        29794,
        29802,
        29894,
        29964,
        29979,
        30030,
        30031,
        30036,
        30043,
        30075,
        30076,
        30191,
        30238,
        30375,
        30391,
        30428,
        30596,
        30624,
        30667,
        30675,
        30685,
        30693,
        30702,
        30706,
        30726,
        30835,
        30842,
        30961,
        30962,
        30996,
        31006,
        31021,
        31045,
        31055,
        31056,
        31149,
        31169,
        31174,
        31206,
        31267,
        31278,
        31329,
        31338,
        31354,
        31465,
        31539,
        31556,
        31562,
        31630,
        31642,
        31766,
        31774,
        31790,
        31803,
        31827,
        31835,
        31857,
        31957,
        32058,
        32129,
        32194,
        32240,
        32249,
        32367,
        32462,
        32505,
        32511,
        32551,
        32727,
        32732,
        32803,
        32819,
        32820,
        33487,
        33500,
        33808,
        33809,
        33820,
        33917,
        33925,
        33932,
        33988,
        34066,
        34067,
        34073,
        34176,
        34188,
        34233,
        34234,
        34268,
        34328,
        34337,
        34370,
        34411,
        34417,
        34437,
        34488,
        34499,
        34504,
        34520,
        34587,
        34614,
        34653,
        34731,
        34803,
        34960,
        35018,
        35065,
        35277,
        35307,
        35321,
        35329,
        35371,
        35500,
        35539,
        35660,
        35661,
        35665,
        35666,
        35668,
        35669,
        35670,
        35671,
        35675,
        35693,
        35742,
        35754,
        35850,
        35865,
        35925,
        36031,
        36033,
        36071,
        36072,
        36073,
        36075,
        36079,
        36080,
        36081,
        36083,
        36087,
        36103,
        36118,
        36175,
        36191,
        36223,
        36274,
        36446,
        36455,
        36517,
        36547,
        36552,
        36636,
        36665,
        36713,
        36734,
        36738,
        36743,
        36744,
        36745,
        36765,
        36767,
        36770,
        36781,
        36784,
        36786,
        36800,
        36810,
        36835,
        36857,
        36859,
        36864,
        36881,
        36883,
        36884,
        36899,
        36906,
        36924,
        36936,
        36949,
        36950,
        36952,
        36977,
        36991,
        37027,
        37028,
        37044,
        37045,
        37086,
        37104,
        37117,
        37147,
        37148,
        37151,
        37160,
        37197,
        37232,
        37262,
        37290,
        37294,
        37319,
        37335,
        37337,
        37401,
        37405,
        37421,
        37439,
        37463,
        37464,
        37466,
        37467,
        37472,
        37474,
        37476,
        37484,
        37485,
        37522,
        37536,
        37541,
        37549,
        37553,
        37606,
        37642,
        37655,
        37678,
        37680,
        37696,
        37752,
        37764,
        37837,
        37839,
        37843,
        37844,
        37932,
        38046,
        38052,
        38111,
        38114,
        38119,
        38122,
        38165,
        38212,
        38218,
        38241,
        38250,
        38254,
        38262,
        38270,
        38321,
        38352,
        38353,
        38379,
        38400,
        38415,
        38425,
        38438,
        38453,
        38481,
        38498,
        38524,
        38540,
        38564,
        38633,
        38649,
        38685,
        38687,
        38703,
        38704,
        38708,
        38713,
        38714,
        38739,
        38744,
        38771
      ]
    },
    {
      "date": "2026-10-26",
      "uniqueTournamentIds": [
        8,
        25,
        39,
        46,
        52,
        54,
        98,
        171,
        182,
        242,
        325,
        445,
        463,
        634,
        671,
        676,
        753,
        778,
        1015,
        1129,
        1892,
        1900,
        2120,
        10511,
        10533,
        10619,
        11082,
        11083,
        11084,
        11086,
        11087,
        11338,
        11446,
        11535,
        11539,
        11613,
        11621,
        11653,
        13593,
        13946,
        15946,
        16911,
        19886,
        21235,
        22154,
        22545,
        22614,
        22651,
        23046,
        23255,
        23298,
        23406,
        23424,
        23487,
        23725,
        24021,
        24342,
        24365,
        24383,
        25760,
        25783,
        25864,
        25871,
        27221,
        27675,
        27941,
        28541,
        28543,
        28562,
        28868,
        28936,
        29061,
        29179,
        29247,
        29668,
        29749,
        31247,
        31533,
        31551,
        31600,
        31651,
        31652,
        31667,
        31772,
        32852,
        33808,
        33809,
        33869,
        33932,
        34203,
        34268,
        34587,
        34614,
        34643,
        34727,
        35095,
        35514,
        35647,
        36010,
        36031,
        36033,
        36103,
        36241,
        36900,
        36931,
        37027,
        37028,
        37045,
        37232,
        37251,
        37491,
        37492,
        37493,
        37494,
        37497,
        37498,
        37518,
        37522,
        37553,
        37590,
        37643,
        37732,
        37837,
        37896,
        38114,
        38133,
        38165,
        38338,
        38352,
        38392,
        38481,
        38487,
        38622,
        38714,
        38751,
        38771
      ]
    },
    {
      "date": "2026-10-27",
      "uniqueTournamentIds": [
        21,
        23,
        24,
        25,
        40,
        53,
        76,
        91,
        173,
        174,
        176,
        178,
        206,
        217,
        312,
        327,
        334,
        375,
        380,
        406,
        445,
        463,
        668,
        729,
        737,
        741,
        755,
        757,
        771,
        778,
        824,
        1002,
        1079,
        1085,
        1131,
        1542,
        1892,
        2120,
        10166,
        10608,
        11105,
        11338,
        11340,
        11341,
        11342,
        11446,
        11534,
        11539,
        13593,
        13614,
        13946,
        15946,
        16760,
        17143,
        17242,
        18817,
        18877,
        19275,
        19291,
        19550,
        20093,
        20870,
        21485,
        21955,
        22154,
        22205,
        22931,
        22958,
        22977,
        23095,
        23109,
        23122,
        23298,
        23366,
        23473,
        23487,
        23552,
        24324,
        24342,
        24383,
        24848,
        24914,
        25024,
        25389,
        25760,
        25805,
        25864,
        26135,
        26670,
        27221,
        27675,
        28269,
        28541,
        28543,
        28720,
        28942,
        29013,
        29061,
        29238,
        29247,
        29560,
        29639,
        29668,
        29890,
        29894,
        30430,
        31345,
        31533,
        31777,
        32105,
        32197,
        32234,
        32249,
        33487,
        33869,
        33895,
        33917,
        34240,
        34576,
        34614,
        34748,
        35325,
        35338,
        35514,
        35647,
        35849,
        36031,
        36033,
        36931,
        37027,
        37251,
        37518,
        37555,
        37590,
        37622,
        37732,
        37771,
        38133,
        38392,
        38622
      ]
    },
    {
      "date": "2026-10-28",
      "uniqueTournamentIds": [
        21,
        23,
        29,
        36,
        40,
        41,
        53,
        76,
        154,
        169,
        173,
        174,
        178,
        211,
        212,
        217,
        242,
        281,
        282,
        305,
        307,
        315,
        325,
        327,
        329,
        330,
        355,
        375,
        380,
        406,
        445,
        463,
        532,
        668,
        696,
        720,
        722,
        729,
        737,
        741,
        753,
        761,
        771,
        808,
        813,
        822,
        824,
        1015,
        1024,
        1101,
        1307,
        1327,
        1542,
        1554,
        1900,
        2120,
        2284,
        9355,
        9387,
        10166,
        10240,
        10608,
        11447,
        11539,
        11667,
        13614,
        13821,
        15946,
        16681,
        16805,
        16817,
        17114,
        17181,
        18817,
        19124,
        19291,
        19550,
        20052,
        20118,
        20373,
        20695,
        20731,
        21150,
        21953,
        21987,
        22614,
        22931,
        22977,
        23039,
        23046,
        23057,
        23122,
        23298,
        23378,
        23425,
        23427,
        23473,
        23502,
        23552,
        23573,
        24114,
        24120,
        24309,
        24324,
        24342,
        24381,
        24434,
        24848,
        25760,
        25805,
        25864,
        25922,
        26670,
        27221,
        27675,
        27962,
        27963,
        28170,
        28525,
        28541,
        28543,
        28559,
        28749,
        29061,
        29194,
        29238,
        29379,
        29639,
        29728,
        29894,
        30201,
        30391,
        30407,
        30706,
        32058,
        33487,
        33823,
        33895,
        33950,
        34268,
        34302,
        34643,
        34727,
        34960,
        35325,
        35338,
        35514,
        35849,
        36031,
        36033,
        36133,
        36385,
        36767,
        36802,
        36855,
        36883,
        36900,
        37034,
        37108,
        37240,
        37322,
        37518,
        37590,
        37603,
        37837,
        37960,
        38018,
        38088,
        38133,
        38165,
        38210,
        38338,
        38347,
        38392,
        38478,
        38508,
        38540,
        38714
      ]
    },
    {
      "date": "2026-10-29",
      "uniqueTournamentIds": [
        23,
        40,
        41,
        76,
        183,
        242,
        325,
        375,
        380,
        406,
        445,
        532,
        668,
        678,
        696,
        753,
        772,
        778,
        808,
        841,
        915,
        929,
        955,
        971,
        3090,
        10536,
        11539,
        11541,
        11619,
        11621,
        13361,
        13684,
        15946,
        16663,
        16760,
        16911,
        17027,
        18817,
        20052,
        20695,
        21792,
        22545,
        23064,
        23109,
        23229,
        23299,
        23473,
        23573,
        24120,
        24309,
        24324,
        24342,
        24365,
        24792,
        25760,
        25805,
        25864,
        27221,
        27675,
        28541,
        28543,
        28831,
        29010,
        29061,
        29194,
        30373,
        31055,
        31247,
        31562,
        31667,
        34268,
        34646,
        34748,
        35325,
        35338,
        35668,
        36031,
        36033,
        36063,
        36192,
        36385,
        37027,
        37045,
        37463,
        37518,
        37622,
        37732,
        37837,
        38119,
        38165,
        38254,
        38338,
        38714
      ]
    },
    {
      "date": "2026-10-30",
      "uniqueTournamentIds": [
        9,
        18,
        25,
        34,
        35,
        38,
        42,
        44,
        45,
        46,
        47,
        52,
        65,
        98,
        131,
        135,
        136,
        166,
        171,
        173,
        182,
        192,
        202,
        204,
        205,
        206,
        216,
        224,
        229,
        254,
        325,
        358,
        406,
        491,
        508,
        509,
        626,
        630,
        634,
        671,
        676,
        686,
        692,
        701,
        709,
        710,
        727,
        738,
        755,
        808,
        813,
        879,
        915,
        929,
        955,
        971,
        1000,
        1002,
        1015,
        1032,
        1083,
        1085,
        1089,
        1365,
        1542,
        1592,
        1900,
        1906,
        2295,
        3090,
        9387,
        10166,
        10297,
        10510,
        10511,
        10535,
        10608,
        11315,
        11420,
        11445,
        11447,
        11539,
        11611,
        11617,
        13361,
        13684,
        13821,
        13994,
        15946,
        15980,
        16607,
        16663,
        16760,
        16785,
        16789,
        16817,
        16911,
        17072,
        17114,
        17255,
        17368,
        18399,
        18913,
        19015,
        19086,
        19290,
        19684,
        19718,
        19860,
        19936,
        20071,
        20318,
        20373,
        20426,
        20434,
        20695,
        20871,
        20950,
        20980,
        21424,
        21792,
        22224,
        22371,
        22446,
        22724,
        22740,
        22907,
        22914,
        22962,
        23038,
        23046,
        23064,
        23229,
        23406,
        23407,
        23504,
        23725,
        23997,
        24120,
        24142,
        24234,
        24309,
        24324,
        24334,
        24342,
        24365,
        24719,
        24848,
        25484,
        25760,
        25764,
        25864,
        26035,
        27221,
        27492,
        27670,
        27675,
        27801,
        27820,
        27931,
        27932,
        27940,
        27941,
        27943,
        27969,
        28122,
        28151,
        28162,
        28306,
        28471,
        28539,
        28541,
        28543,
        28724,
        28831,
        28932,
        29010,
        29061,
        29369,
        30056,
        30238,
        30373,
        30391,
        30424,
        30863,
        31006,
        31055,
        31056,
        31538,
        31556,
        31651,
        31652,
        31803,
        31836,
        32131,
        32194,
        32439,
        32551,
        32625,
        33673,
        34093,
        34587,
        34723,
        34960,
        35055,
        35669,
        35676,
        35742,
        35924,
        35925,
        35927,
        36031,
        36033,
        36063,
        36133,
        36315,
        36767,
        36879,
        36900,
        37027,
        37045,
        37232,
        37287,
        37395,
        37401,
        37447,
        37476,
        37498,
        37555,
        37606,
        37960,
        38052,
        38254,
        38338,
        38410,
        38438,
        38507,
        38631,
        38687,
        38731,
        38771
      ]
    },
    {
      "date": "2026-10-31",
      "uniqueTournamentIds": [
        8,
        9,
        17,
        18,
        23,
        24,
        25,
        34,
        35,
        36,
        37,
        38,
        42,
        44,
        45,
        46,
        47,
        52,
        53,
        65,
        98,
        131,
        135,
        136,
        142,
        152,
        166,
        167,
        170,
        171,
        172,
        173,
        174,
        176,
        178,
        182,
        183,
        184,
        185,
        186,
        187,
        196,
        198,
        199,
        200,
        201,
        202,
        203,
        205,
        206,
        207,
        209,
        211,
        212,
        214,
        215,
        218,
        224,
        229,
        238,
        239,
        242,
        247,
        254,
        266,
        332,
        358,
        380,
        390,
        402,
        406,
        491,
        493,
        508,
        512,
        515,
        532,
        562,
        594,
        626,
        629,
        630,
        634,
        671,
        673,
        676,
        677,
        678,
        682,
        685,
        686,
        690,
        691,
        692,
        701,
        703,
        704,
        715,
        716,
        717,
        718,
        723,
        724,
        726,
        738,
        753,
        771,
        777,
        782,
        808,
        822,
        823,
        915,
        929,
        947,
        971,
        1000,
        1002,
        1015,
        1032,
        1044,
        1079,
        1083,
        1085,
        1089,
        1091,
        1093,
        1095,
        1097,
        1099,
        1101,
        1109,
        1111,
        1131,
        1133,
        1135,
        1139,
        1347,
        1365,
        1460,
        1542,
        1592,
        1644,
        1894,
        1900,
        1906,
        2060,
        2065,
        2072,
        2284,
        2292,
        2293,
        2294,
        2295,
        2308,
        3090,
        6783,
        9386,
        9387,
        9412,
        10093,
        10166,
        10268,
        10381,
        10499,
        10510,
        10511,
        10518,
        10527,
        10534,
        10535,
        10560,
        10608,
        10640,
        10741,
        11085,
        11090,
        11105,
        11315,
        11316,
        11317,
        11318,
        11340,
        11342,
        11414,
        11420,
        11445,
        11446,
        11447,
        11534,
        11537,
        11539,
        11611,
        11617,
        11621,
        11667,
        13593,
        13820,
        13821,
        13859,
        15273,
        15919,
        15922,
        15930,
        15931,
        15934,
        15935,
        15939,
        15940,
        15941,
        15946,
        15979,
        15983,
        15991,
        15992,
        15996,
        16325,
        16328,
        16338,
        16345,
        16347,
        16362,
        16368,
        16391,
        16401,
        16422,
        16448,
        16479,
        16495,
        16505,
        16509,
        16510,
        16511,
        16545,
        16555,
        16577,
        16607,
        16627,
        16637,
        16652,
        16658,
        16663,
        16670,
        16672,
        16676,
        16682,
        16686,
        16701,
        16730,
        16749,
        16779,
        16785,
        16786,
        16787,
        16796,
        16797,
        16804,
        16809,
        16813,
        16817,
        16826,
        16833,
        16845,
        16846,
        16869,
        16877,
        16890,
        16892,
        16915,
        17072,
        17101,
        17114,
        17131,
        17138,
        17141,
        17143,
        17167,
        17181,
        17208,
        17210,
        17212,
        17225,
        17242,
        17255,
        17257,
        17346,
        17366,
        17369,
        17372,
        17373,
        17394,
        17395,
        17401,
        18218,
        18236,
        18275,
        18276,
        18278,
        18279,
        18288,
        18304,
        18308,
        18309,
        18315,
        18320,
        18330,
        18353,
        18355,
        18360,
        18391,
        18393,
        18398,
        18399,
        18405,
        18412,
        18424,
        18425,
        18476,
        18480,
        18522,
        18653,
        18913,
        19010,
        19016,
        19027,
        19029,
        19049,
        19051,
        19065,
        19069,
        19073,
        19087,
        19109,
        19114,
        19115,
        19122,
        19126,
        19141,
        19162,
        19183,
        19237,
        19241,
        19251,
        19252,
        19256,
        19275,
        19287,
        19291,
        19293,
        19325,
        19336,
        19346,
        19404,
        19524,
        19562,
        19568,
        19570,
        19587,
        19639,
        19640,
        19653,
        19657,
        19666,
        19684,
        19768,
        19830,
        19860,
        19886,
        19894,
        19945,
        19957,
        19980,
        20066,
        20071,
        20094,
        20095,
        20110,
        20118,
        20168,
        20369,
        20426,
        20434,
        20546,
        20706,
        20720,
        20862,
        20870,
        20871,
        20895,
        20902,
        20929,
        20930,
        20945,
        20946,
        20947,
        20948,
        20949,
        21029,
        21076,
        21080,
        21116,
        21150,
        21209,
        21298,
        21406,
        21409,
        21424,
        21485,
        21792,
        21953,
        21954,
        21955,
        22027,
        22043,
        22051,
        22062,
        22133,
        22154,
        22205,
        22224,
        22252,
        22372,
        22407,
        22446,
        22448,
        22506,
        22513,
        22525,
        22526,
        22542,
        22563,
        22651,
        22699,
        22702,
        22703,
        22723,
        22724,
        22729,
        22740,
        22772,
        22776,
        22777,
        22855,
        22890,
        22914,
        22925,
        22926,
        22931,
        22934,
        22958,
        22962,
        22977,
        23011,
        23038,
        23046,
        23055,
        23064,
        23095,
        23108,
        23109,
        23122,
        23147,
        23150,
        23154,
        23204,
        23214,
        23226,
        23229,
        23230,
        23240,
        23244,
        23249,
        23259,
        23274,
        23292,
        23294,
        23298,
        23311,
        23328,
        23366,
        23402,
        23422,
        23441,
        23457,
        23461,
        23500,
        23504,
        23552,
        23572,
        23624,
        23638,
        23673,
        23680,
        23838,
        23841,
        23869,
        23969,
        23978,
        24073,
        24140,
        24176,
        24180,
        24209,
        24235,
        24252,
        24253,
        24309,
        24324,
        24341,
        24342,
        24503,
        24552,
        24577,
        24659,
        24791,
        24792,
        24847,
        24848,
        25092,
        25094,
        25121,
        25158,
        25278,
        25282,
        25308,
        25410,
        25484,
        25876,
        25902,
        25921,
        26036,
        26106,
        26120,
        26154,
        26283,
        26498,
        26533,
        26639,
        26670,
        26786,
        26806,
        27232,
        27233,
        27503,
        27504,
        27670,
        27693,
        27801,
        27820,
        27931,
        27933,
        27940,
        27941,
        27943,
        27962,
        27963,
        27969,
        27980,
        28016,
        28082,
        28083,
        28107,
        28122,
        28140,
        28151,
        28153,
        28163,
        28168,
        28169,
        28170,
        28212,
        28269,
        28280,
        28285,
        28291,
        28306,
        28307,
        28343,
        28384,
        28471,
        28475,
        28490,
        28525,
        28539,
        28540,
        28541,
        28543,
        28570,
        28656,
        28660,
        28664,
        28674,
        28694,
        28695,
        28710,
        28711,
        28714,
        28720,
        28724,
        28729,
        28755,
        28825,
        28831,
        28835,
        28862,
        28942,
        28947,
        29009,
        29010,
        29084,
        29187,
        29264,
        29333,
        29344,
        29363,
        29369,
        29391,
        29395,
        29423,
        29559,
        29560,
        29627,
        29639,
        29645,
        29728,
        29749,
        29784,
        29802,
        29890,
        29894,
        29923,
        29933,
        29962,
        29964,
        30035,
        30040,
        30041,
        30059,
        30076,
        30101,
        30121,
        30221,
        30238,
        30391,
        30521,
        30552,
        30596,
        30624,
        30667,
        30669,
        30693,
        30842,
        30961,
        30994,
        30996,
        31006,
        31045,
        31166,
        31169,
        31175,
        31246,
        31278,
        31354,
        31556,
        31630,
        31777,
        31803,
        31835,
        31836,
        31857,
        31946,
        32105,
        32134,
        32194,
        32234,
        32269,
        32358,
        32367,
        32438,
        32439,
        32462,
        32505,
        32511,
        32551,
        32625,
        32650,
        32669,
        32727,
        32732,
        32781,
        32819,
        32820,
        33487,
        33500,
        33726,
        33800,
        33820,
        33842,
        33867,
        33932,
        33971,
        34011,
        34205,
        34234,
        34268,
        34337,
        34342,
        34345,
        34352,
        34370,
        34412,
        34417,
        34437,
        34448,
        34488,
        34499,
        34504,
        34576,
        34587,
        34704,
        34723,
        34803,
        34928,
        35203,
        35206,
        35321,
        35325,
        35329,
        35467,
        35693,
        35742,
        35865,
        35924,
        35927,
        36031,
        36033,
        36045,
        36056,
        36058,
        36090,
        36133,
        36139,
        36185,
        36196,
        36286,
        36315,
        36446,
        36455,
        36517,
        36544,
        36547,
        36549,
        36550,
        36557,
        36568,
        36622,
        36633,
        36634,
        36635,
        36639,
        36650,
        36683,
        36691,
        36735,
        36761,
        36765,
        36767,
        36800,
        36835,
        36876,
        36881,
        36883,
        36884,
        36936,
        36941,
        36952,
        36961,
        37020,
        37027,
        37034,
        37045,
        37063,
        37086,
        37104,
        37124,
        37147,
        37148,
        37155,
        37160,
        37161,
        37232,
        37287,
        37290,
        37319,
        37323,
        37335,
        37337,
        37339,
        37369,
        37372,
        37395,
        37411,
        37421,
        37439,
        37447,
        37476,
        37494,
        37496,
        37497,
        37498,
        37518,
        37549,
        37555,
        37574,
        37606,
        37608,
        37678,
        37680,
        37772,
        37778,
        37786,
        37844,
        37927,
        37960,
        37961,
        38052,
        38119,
        38186,
        38195,
        38210,
        38212,
        38254,
        38323,
        38347,
        38353,
        38400,
        38432,
        38438,
        38481,
        38486,
        38498,
        38537,
        38540,
        38571,
        38606,
        38633,
        38649,
        38702,
        38708,
        38712,
        38714,
        38731,
        38740,
        38744,
        38754,
        38756,
        38771
      ]
    }
  ]
}

GET https://sportapi7.p.rapidapi.com/api/v1/calendar/2026-10/0/football/unique-tournaments HTTP/1.1
accept: application/json
x-rapidapi-host: sportapi7.p.rapidapi.com
x-rapidapi-key: 0434215ee2msh45ced7038e37197p1b6ca9jsna320cbc27bc8
x-rapidapi-ua: RapidAPI-Playground

{
  "dailyStages": [
    {
      "date": "2026-10-01",
      "stageIds": [
        219196
      ]
    },
    {
      "date": "2026-10-02",
      "stageIds": [
        224763,
        233389,
        219196
      ]
    },
    {
      "date": "2026-10-03",
      "stageIds": [
        219196,
        224763,
        225230,
        225094,
        233389,
        226312
      ]
    },
    {
      "date": "2026-10-04",
      "stageIds": [
        225562,
        225230,
        225094,
        219196,
        233389,
        226399,
        224763
      ]
    },
    {
      "date": "2026-10-05",
      "stageIds": [
        225562
      ]
    },
    {
      "date": "2026-10-09",
      "stageIds": [
        211143,
        214260,
        224764,
        234574
      ]
    },
    {
      "date": "2026-10-10",
      "stageIds": [
        214260,
        225668,
        224764,
        225311,
        225175,
        226314
      ]
    },
    {
      "date": "2026-10-11",
      "stageIds": [
        225563,
        225668,
        224764,
        225175,
        225311,
        226401,
        214260
      ]
    },
    {
      "date": "2026-10-12",
      "stageIds": [
        225563
      ]
    },
    {
      "date": "2026-10-16",
      "stageIds": [
        234576
      ]
    },
    {
      "date": "2026-10-17",
      "stageIds": [
        225669,
        226316
      ]
    },
    {
      "date": "2026-10-18",
      "stageIds": [
        225564,
        225669,
        226403
      ]
    },
    {
      "date": "2026-10-19",
      "stageIds": [
        225564
      ]
    },
    {
      "date": "2026-10-22",
      "stageIds": [
        224765
      ]
    },
    {
      "date": "2026-10-23",
      "stageIds": [
        214267,
        224765,
        234578
      ]
    },
    {
      "date": "2026-10-24",
      "stageIds": [
        214267,
        224765,
        225176,
        225312,
        226318
      ]
    },
    {
      "date": "2026-10-25",
      "stageIds": [
        214267,
        225565,
        226405,
        224765,
        225176,
        225312
      ]
    },
    {
      "date": "2026-10-26",
      "stageIds": [
        225565
      ]
    },
    {
      "date": "2026-10-30",
      "stageIds": [
        214274,
        224766,
        234580
      ]
    },
    {
      "date": "2026-10-31",
      "stageIds": [
        224766,
        214274,
        225177,
        225313,
        226320
      ]
    }
  ]
}

GET https://sportapi7.p.rapidapi.com/api/v1/calendar/2026-10/0/motorsport/stages HTTP/1.1
accept: application/json
x-rapidapi-host: sportapi7.p.rapidapi.com
x-rapidapi-key: 0434215ee2msh45ced7038e37197p1b6ca9jsna320cbc27bc8
x-rapidapi-ua: RapidAPI-Playground

{
  "dailySeasonEvents": [
    {
      "date": "2024-08-16",
      "count": 1
    },
    {
      "date": "2024-08-17",
      "count": 6
    },
    {
      "date": "2024-08-18",
      "count": 2
    },
    {
      "date": "2024-08-19",
      "count": 1
    },
    {
      "date": "2024-08-24",
      "count": 7
    },
    {
      "date": "2024-08-25",
      "count": 3
    },
    {
      "date": "2024-08-31",
      "count": 7
    },
    {
      "date": "2024-09-01",
      "count": 3
    },
    {
      "date": "2024-09-14",
      "count": 8
    },
    {
      "date": "2024-09-15",
      "count": 2
    },
    {
      "date": "2024-09-21",
      "count": 8
    },
    {
      "date": "2024-09-22",
      "count": 2
    },
    {
      "date": "2024-09-28",
      "count": 7
    },
    {
      "date": "2024-09-29",
      "count": 2
    },
    {
      "date": "2024-09-30",
      "count": 1
    },
    {
      "date": "2024-10-05",
      "count": 7
    },
    {
      "date": "2024-10-06",
      "count": 3
    },
    {
      "date": "2024-10-19",
      "count": 7
    },
    {
      "date": "2024-10-20",
      "count": 2
    },
    {
      "date": "2024-10-21",
      "count": 1
    },
    {
      "date": "2024-10-25",
      "count": 1
    },
    {
      "date": "2024-10-26",
      "count": 5
    },
    {
      "date": "2024-10-27",
      "count": 4
    },
    {
      "date": "2024-11-02",
      "count": 7
    },
    {
      "date": "2024-11-03",
      "count": 2
    },
    {
      "date": "2024-11-04",
      "count": 1
    },
    {
      "date": "2024-11-09",
      "count": 6
    },
    {
      "date": "2024-11-10",
      "count": 4
    },
    {
      "date": "2024-11-23",
      "count": 7
    },
    {
      "date": "2024-11-24",
      "count": 2
    },
    {
      "date": "2024-11-25",
      "count": 1
    },
    {
      "date": "2024-11-29",
      "count": 1
    },
    {
      "date": "2024-11-30",
      "count": 5
    },
    {
      "date": "2024-12-01",
      "count": 4
    },
    {
      "date": "2024-12-03",
      "count": 2
    },
    {
      "date": "2024-12-04",
      "count": 6
    },
    {
      "date": "2024-12-05",
      "count": 2
    },
    {
      "date": "2024-12-07",
      "count": 5
    },
    {
      "date": "2024-12-08",
      "count": 4
    },
    {
      "date": "2024-12-09",
      "count": 1
    },
    {
      "date": "2024-12-14",
      "count": 5
    },
    {
      "date": "2024-12-15",
      "count": 4
    },
    {
      "date": "2024-12-16",
      "count": 1
    },
    {
      "date": "2024-12-21",
      "count": 5
    },
    {
      "date": "2024-12-22",
      "count": 5
    },
    {
      "date": "2024-12-26",
      "count": 8
    },
    {
      "date": "2024-12-27",
      "count": 2
    },
    {
      "date": "2024-12-29",
      "count": 6
    },
    {
      "date": "2024-12-30",
      "count": 3
    },
    {
      "date": "2025-01-01",
      "count": 1
    },
    {
      "date": "2025-01-04",
      "count": 7
    },
    {
      "date": "2025-01-05",
      "count": 2
    },
    {
      "date": "2025-01-06",
      "count": 1
    },
    {
      "date": "2025-01-14",
      "count": 4
    },
    {
      "date": "2025-01-15",
      "count": 4
    },
    {
      "date": "2025-01-16",
      "count": 2
    },
    {
      "date": "2025-01-18",
      "count": 5
    },
    {
      "date": "2025-01-19",
      "count": 4
    },
    {
      "date": "2025-01-20",
      "count": 1
    },
    {
      "date": "2025-01-25",
      "count": 6
    },
    {
      "date": "2025-01-26",
      "count": 4
    },
    {
      "date": "2025-02-01",
      "count": 6
    },
    {
      "date": "2025-02-02",
      "count": 3
    },
    {
      "date": "2025-02-03",
      "count": 1
    },
    {
      "date": "2025-02-12",
      "count": 1
    },
    {
      "date": "2025-02-14",
      "count": 1
    },
    {
      "date": "2025-02-15",
      "count": 7
    },
    {
      "date": "2025-02-16",
      "count": 2
    },
    {
      "date": "2025-02-19",
      "count": 1
    },
    {
      "date": "2025-02-21",
      "count": 1
    },
    {
      "date": "2025-02-22",
      "count": 7
    },
    {
      "date": "2025-02-23",
      "count": 2
    },
    {
      "date": "2025-02-25",
      "count": 4
    },
    {
      "date": "2025-02-26",
      "count": 5
    },
    {
      "date": "2025-02-27",
      "count": 1
    },
    {
      "date": "2025-03-08",
      "count": 6
    },
    {
      "date": "2025-03-09",
      "count": 3
    },
    {
      "date": "2025-03-10",
      "count": 1
    },
    {
      "date": "2025-03-15",
      "count": 5
    },
    {
      "date": "2025-03-16",
      "count": 3
    },
    {
      "date": "2025-04-01",
      "count": 3
    },
    {
      "date": "2025-04-02",
      "count": 6
    },
    {
      "date": "2025-04-03",
      "count": 1
    },
    {
      "date": "2025-04-05",
      "count": 5
    },
    {
      "date": "2025-04-06",
      "count": 4
    },
    {
      "date": "2025-04-07",
      "count": 1
    },
    {
      "date": "2025-04-12",
      "count": 5
    },
    {
      "date": "2025-04-13",
      "count": 4
    },
    {
      "date": "2025-04-14",
      "count": 1
    },
    {
      "date": "2025-04-16",
      "count": 1
    },
    {
      "date": "2025-04-19",
      "count": 5
    },
    {
      "date": "2025-04-20",
      "count": 4
    },
    {
      "date": "2025-04-21",
      "count": 1
    },
    {
      "date": "2025-04-22",
      "count": 1
    },
    {
      "date": "2025-04-23",
      "count": 1
    },
    {
      "date": "2025-04-26",
      "count": 5
    },
    {
      "date": "2025-04-27",
      "count": 2
    },
    {
      "date": "2025-05-01",
      "count": 1
    },
    {
      "date": "2025-05-02",
      "count": 1
    },
    {
      "date": "2025-05-03",
      "count": 4
    },
    {
      "date": "2025-05-04",
      "count": 4
    },
    {
      "date": "2025-05-05",
      "count": 1
    },
    {
      "date": "2025-05-10",
      "count": 5
    },
    {
      "date": "2025-05-11",
      "count": 5
    },
    {
      "date": "2025-05-16",
      "count": 2
    },
    {
      "date": "2025-05-18",
      "count": 5
    },
    {
      "date": "2025-05-19",
      "count": 1
    },
    {
      "date": "2025-05-20",
      "count": 2
    },
    {
      "date": "2025-05-25",
      "count": 10
    }
  ]
}

GET https://sportapi7.p.rapidapi.com/api/v1/calendar/season/61627/0/days-with-events HTTP/1.1
accept: application/json
x-rapidapi-host: sportapi7.p.rapidapi.com
x-rapidapi-key: 0434215ee2msh45ced7038e37197p1b6ca9jsna320cbc27bc8
x-rapidapi-ua: RapidAPI-Playground

{
  "monthsWithEvents": [
    {
      "month": 9,
      "year": 2026
    },
    {
      "month": 8,
      "year": 2026
    },
    {
      "month": 5,
      "year": 2026
    },
    {
      "month": 4,
      "year": 2026
    },
    {
      "month": 3,
      "year": 2026
    },
    {
      "month": 2,
      "year": 2026
    },
    {
      "month": 1,
      "year": 2026
    },
    {
      "month": 12,
      "year": 2025
    },
    {
      "month": 11,
      "year": 2025
    },
    {
      "month": 10,
      "year": 2025
    },
    {
      "month": 9,
      "year": 2025
    },
    {
      "month": 8,
      "year": 2025
    },
    {
      "month": 5,
      "year": 2025
    },
    {
      "month": 4,
      "year": 2025
    },
    {
      "month": 3,
      "year": 2025
    },
    {
      "month": 2,
      "year": 2025
    },
    {
      "month": 1,
      "year": 2025
    },
    {
      "month": 12,
      "year": 2024
    },
    {
      "month": 11,
      "year": 2024
    },
    {
      "month": 10,
      "year": 2024
    },
    {
      "month": 9,
      "year": 2024
    },
    {
      "month": 8,
      "year": 2024
    },
    {
      "month": 5,
      "year": 2024
    },
    {
      "month": 4,
      "year": 2024
    },
    {
      "month": 3,
      "year": 2024
    },
    {
      "month": 2,
      "year": 2024
    },
    {
      "month": 1,
      "year": 2024
    },
    {
      "month": 12,
      "year": 2023
    },
    {
      "month": 11,
      "year": 2023
    },
    {
      "month": 10,
      "year": 2023
    },
    {
      "month": 9,
      "year": 2023
    },
    {
      "month": 8,
      "year": 2023
    },
    {
      "month": 5,
      "year": 2023
    },
    {
      "month": 4,
      "year": 2023
    },
    {
      "month": 3,
      "year": 2023
    },
    {
      "month": 2,
      "year": 2023
    },
    {
      "month": 1,
      "year": 2023
    },
    {
      "month": 12,
      "year": 2022
    },
    {
      "month": 11,
      "year": 2022
    },
    {
      "month": 10,
      "year": 2022
    },
    {
      "month": 9,
      "year": 2022
    },
    {
      "month": 8,
      "year": 2022
    },
    {
      "month": 5,
      "year": 2022
    },
    {
      "month": 4,
      "year": 2022
    },
    {
      "month": 3,
      "year": 2022
    },
    {
      "month": 2,
      "year": 2022
    },
    {
      "month": 1,
      "year": 2022
    },
    {
      "month": 12,
      "year": 2021
    },
    {
      "month": 11,
      "year": 2021
    },
    {
      "month": 10,
      "year": 2021
    },
    {
      "month": 9,
      "year": 2021
    },
    {
      "month": 8,
      "year": 2021
    },
    {
      "month": 5,
      "year": 2021
    },
    {
      "month": 4,
      "year": 2021
    },
    {
      "month": 3,
      "year": 2021
    },
    {
      "month": 2,
      "year": 2021
    },
    {
      "month": 1,
      "year": 2021
    },
    {
      "month": 12,
      "year": 2020
    },
    {
      "month": 11,
      "year": 2020
    },
    {
      "month": 10,
      "year": 2020
    },
    {
      "month": 9,
      "year": 2020
    },
    {
      "month": 7,
      "year": 2020
    },
    {
      "month": 6,
      "year": 2020
    },
    {
      "month": 3,
      "year": 2020
    },
    {
      "month": 2,
      "year": 2020
    },
    {
      "month": 1,
      "year": 2020
    },
    {
      "month": 12,
      "year": 2019
    },
    {
      "month": 11,
      "year": 2019
    },
    {
      "month": 10,
      "year": 2019
    },
    {
      "month": 9,
      "year": 2019
    },
    {
      "month": 8,
      "year": 2019
    },
    {
      "month": 5,
      "year": 2019
    },
    {
      "month": 4,
      "year": 2019
    },
    {
      "month": 3,
      "year": 2019
    },
    {
      "month": 2,
      "year": 2019
    },
    {
      "month": 1,
      "year": 2019
    },
    {
      "month": 12,
      "year": 2018
    },
    {
      "month": 11,
      "year": 2018
    },
    {
      "month": 10,
      "year": 2018
    },
    {
      "month": 9,
      "year": 2018
    },
    {
      "month": 8,
      "year": 2018
    },
    {
      "month": 5,
      "year": 2018
    },
    {
      "month": 4,
      "year": 2018
    },
    {
      "month": 3,
      "year": 2018
    },
    {
      "month": 2,
      "year": 2018
    },
    {
      "month": 1,
      "year": 2018
    },
    {
      "month": 12,
      "year": 2017
    },
    {
      "month": 11,
      "year": 2017
    },
    {
      "month": 10,
      "year": 2017
    },
    {
      "month": 9,
      "year": 2017
    },
    {
      "month": 8,
      "year": 2017
    },
    {
      "month": 5,
      "year": 2017
    },
    {
      "month": 4,
      "year": 2017
    },
    {
      "month": 3,
      "year": 2017
    },
    {
      "month": 2,
      "year": 2017
    },
    {
      "month": 1,
      "year": 2017
    },
    {
      "month": 12,
      "year": 2016
    },
    {
      "month": 11,
      "year": 2016
    },
    {
      "month": 10,
      "year": 2016
    },
    {
      "month": 9,
      "year": 2016
    },
    {
      "month": 8,
      "year": 2016
    },
    {
      "month": 5,
      "year": 2016
    },
    {
      "month": 4,
      "year": 2016
    },
    {
      "month": 3,
      "year": 2016
    },
    {
      "month": 2,
      "year": 2016
    },
    {
      "month": 1,
      "year": 2016
    },
    {
      "month": 12,
      "year": 2015
    },
    {
      "month": 11,
      "year": 2015
    },
    {
      "month": 10,
      "year": 2015
    },
    {
      "month": 9,
      "year": 2015
    },
    {
      "month": 8,
      "year": 2015
    },
    {
      "month": 5,
      "year": 2015
    },
    {
      "month": 4,
      "year": 2015
    },
    {
      "month": 3,
      "year": 2015
    },
    {
      "month": 2,
      "year": 2015
    },
    {
      "month": 1,
      "year": 2015
    },
    {
      "month": 12,
      "year": 2014
    },
    {
      "month": 11,
      "year": 2014
    },
    {
      "month": 10,
      "year": 2014
    },
    {
      "month": 9,
      "year": 2014
    },
    {
      "month": 8,
      "year": 2014
    },
    {
      "month": 5,
      "year": 2014
    },
    {
      "month": 4,
      "year": 2014
    },
    {
      "month": 3,
      "year": 2014
    },
    {
      "month": 2,
      "year": 2014
    },
    {
      "month": 1,
      "year": 2014
    },
    {
      "month": 12,
      "year": 2013
    },
    {
      "month": 11,
      "year": 2013
    },
    {
      "month": 10,
      "year": 2013
    },
    {
      "month": 9,
      "year": 2013
    },
    {
      "month": 8,
      "year": 2013
    },
    {
      "month": 5,
      "year": 2013
    },
    {
      "month": 4,
      "year": 2013
    },
    {
      "month": 3,
      "year": 2013
    },
    {
      "month": 2,
      "year": 2013
    },
    {
      "month": 1,
      "year": 2013
    },
    {
      "month": 12,
      "year": 2012
    },
    {
      "month": 11,
      "year": 2012
    },
    {
      "month": 10,
      "year": 2012
    },
    {
      "month": 9,
      "year": 2012
    },
    {
      "month": 8,
      "year": 2012
    },
    {
      "month": 5,
      "year": 2012
    },
    {
      "month": 4,
      "year": 2012
    },
    {
      "month": 3,
      "year": 2012
    },
    {
      "month": 2,
      "year": 2012
    },
    {
      "month": 1,
      "year": 2012
    },
    {
      "month": 12,
      "year": 2011
    },
    {
      "month": 11,
      "year": 2011
    },
    {
      "month": 10,
      "year": 2011
    },
    {
      "month": 9,
      "year": 2011
    },
    {
      "month": 8,
      "year": 2011
    },
    {
      "month": 5,
      "year": 2011
    },
    {
      "month": 4,
      "year": 2011
    },
    {
      "month": 3,
      "year": 2011
    },
    {
      "month": 2,
      "year": 2011
    },
    {
      "month": 1,
      "year": 2011
    },
    {
      "month": 12,
      "year": 2010
    },
    {
      "month": 11,
      "year": 2010
    },
    {
      "month": 10,
      "year": 2010
    },
    {
      "month": 9,
      "year": 2010
    },
    {
      "month": 8,
      "year": 2010
    },
    {
      "month": 5,
      "year": 2010
    },
    {
      "month": 4,
      "year": 2010
    },
    {
      "month": 3,
      "year": 2010
    },
    {
      "month": 2,
      "year": 2010
    },
    {
      "month": 1,
      "year": 2010
    },
    {
      "month": 12,
      "year": 2009
    },
    {
      "month": 11,
      "year": 2009
    },
    {
      "month": 10,
      "year": 2009
    },
    {
      "month": 9,
      "year": 2009
    },
    {
      "month": 8,
      "year": 2009
    },
    {
      "month": 5,
      "year": 2009
    },
    {
      "month": 4,
      "year": 2009
    },
    {
      "month": 3,
      "year": 2009
    },
    {
      "month": 2,
      "year": 2009
    },
    {
      "month": 1,
      "year": 2009
    },
    {
      "month": 12,
      "year": 2008
    },
    {
      "month": 11,
      "year": 2008
    },
    {
      "month": 10,
      "year": 2008
    },
    {
      "month": 9,
      "year": 2008
    },
    {
      "month": 8,
      "year": 2008
    },
    {
      "month": 5,
      "year": 2008
    },
    {
      "month": 4,
      "year": 2008
    },
    {
      "month": 3,
      "year": 2008
    },
    {
      "month": 2,
      "year": 2008
    },
    {
      "month": 1,
      "year": 2008
    },
    {
      "month": 12,
      "year": 2007
    },
    {
      "month": 11,
      "year": 2007
    },
    {
      "month": 10,
      "year": 2007
    },
    {
      "month": 9,
      "year": 2007
    },
    {
      "month": 8,
      "year": 2007
    },
    {
      "month": 5,
      "year": 2007
    },
    {
      "month": 4,
      "year": 2007
    },
    {
      "month": 3,
      "year": 2007
    },
    {
      "month": 2,
      "year": 2007
    },
    {
      "month": 1,
      "year": 2007
    },
    {
      "month": 12,
      "year": 2006
    },
    {
      "month": 11,
      "year": 2006
    },
    {
      "month": 10,
      "year": 2006
    },
    {
      "month": 9,
      "year": 2006
    },
    {
      "month": 8,
      "year": 2006
    },
    {
      "month": 5,
      "year": 2006
    },
    {
      "month": 4,
      "year": 2006
    },
    {
      "month": 3,
      "year": 2006
    },
    {
      "month": 2,
      "year": 2006
    },
    {
      "month": 1,
      "year": 2006
    },
    {
      "month": 12,
      "year": 2005
    },
    {
      "month": 11,
      "year": 2005
    },
    {
      "month": 10,
      "year": 2005
    },
    {
      "month": 9,
      "year": 2005
    },
    {
      "month": 8,
      "year": 2005
    },
    {
      "month": 5,
      "year": 2005
    },
    {
      "month": 4,
      "year": 2005
    },
    {
      "month": 3,
      "year": 2005
    },
    {
      "month": 2,
      "year": 2005
    },
    {
      "month": 1,
      "year": 2005
    },
    {
      "month": 12,
      "year": 2004
    },
    {
      "month": 11,
      "year": 2004
    },
    {
      "month": 10,
      "year": 2004
    },
    {
      "month": 9,
      "year": 2004
    },
    {
      "month": 8,
      "year": 2004
    },
    {
      "month": 5,
      "year": 2004
    },
    {
      "month": 4,
      "year": 2004
    },
    {
      "month": 3,
      "year": 2004
    },
    {
      "month": 2,
      "year": 2004
    },
    {
      "month": 1,
      "year": 2004
    },
    {
      "month": 12,
      "year": 2003
    },
    {
      "month": 11,
      "year": 2003
    },
    {
      "month": 10,
      "year": 2003
    },
    {
      "month": 9,
      "year": 2003
    },
    {
      "month": 8,
      "year": 2003
    },
    {
      "month": 5,
      "year": 2003
    },
    {
      "month": 4,
      "year": 2003
    },
    {
      "month": 3,
      "year": 2003
    },
    {
      "month": 2,
      "year": 2003
    },
    {
      "month": 1,
      "year": 2003
    },
    {
      "month": 12,
      "year": 2002
    },
    {
      "month": 11,
      "year": 2002
    },
    {
      "month": 10,
      "year": 2002
    },
    {
      "month": 9,
      "year": 2002
    },
    {
      "month": 8,
      "year": 2002
    },
    {
      "month": 5,
      "year": 2002
    },
    {
      "month": 4,
      "year": 2002
    },
    {
      "month": 3,
      "year": 2002
    },
    {
      "month": 2,
      "year": 2002
    },
    {
      "month": 1,
      "year": 2002
    },
    {
      "month": 12,
      "year": 2001
    },
    {
      "month": 11,
      "year": 2001
    },
    {
      "month": 10,
      "year": 2001
    },
    {
      "month": 9,
      "year": 2001
    },
    {
      "month": 8,
      "year": 2001
    },
    {
      "month": 5,
      "year": 2001
    },
    {
      "month": 4,
      "year": 2001
    },
    {
      "month": 3,
      "year": 2001
    },
    {
      "month": 2,
      "year": 2001
    },
    {
      "month": 1,
      "year": 2001
    },
    {
      "month": 12,
      "year": 2000
    },
    {
      "month": 11,
      "year": 2000
    },
    {
      "month": 10,
      "year": 2000
    },
    {
      "month": 9,
      "year": 2000
    },
    {
      "month": 8,
      "year": 2000
    },
    {
      "month": 5,
      "year": 2000
    },
    {
      "month": 4,
      "year": 2000
    },
    {
      "month": 3,
      "year": 2000
    },
    {
      "month": 2,
      "year": 2000
    },
    {
      "month": 1,
      "year": 2000
    },
    {
      "month": 12,
      "year": 1999
    },
    {
      "month": 11,
      "year": 1999
    },
    {
      "month": 10,
      "year": 1999
    },
    {
      "month": 9,
      "year": 1999
    },
    {
      "month": 8,
      "year": 1999
    },
    {
      "month": 5,
      "year": 1999
    },
    {
      "month": 4,
      "year": 1999
    },
    {
      "month": 3,
      "year": 1999
    },
    {
      "month": 2,
      "year": 1999
    },
    {
      "month": 1,
      "year": 1999
    },
    {
      "month": 12,
      "year": 1998
    },
    {
      "month": 11,
      "year": 1998
    },
    {
      "month": 10,
      "year": 1998
    },
    {
      "month": 9,
      "year": 1998
    },
    {
      "month": 8,
      "year": 1998
    },
    {
      "month": 5,
      "year": 1998
    },
    {
      "month": 4,
      "year": 1998
    },
    {
      "month": 3,
      "year": 1998
    },
    {
      "month": 2,
      "year": 1998
    },
    {
      "month": 1,
      "year": 1998
    },
    {
      "month": 12,
      "year": 1997
    },
    {
      "month": 11,
      "year": 1997
    },
    {
      "month": 10,
      "year": 1997
    },
    {
      "month": 9,
      "year": 1997
    },
    {
      "month": 8,
      "year": 1997
    },
    {
      "month": 5,
      "year": 1997
    },
    {
      "month": 4,
      "year": 1997
    },
    {
      "month": 3,
      "year": 1997
    },
    {
      "month": 2,
      "year": 1997
    },
    {
      "month": 1,
      "year": 1997
    },
    {
      "month": 12,
      "year": 1996
    },
    {
      "month": 11,
      "year": 1996
    },
    {
      "month": 10,
      "year": 1996
    },
    {
      "month": 9,
      "year": 1996
    },
    {
      "month": 8,
      "year": 1996
    },
    {
      "month": 5,
      "year": 1996
    },
    {
      "month": 4,
      "year": 1996
    },
    {
      "month": 3,
      "year": 1996
    },
    {
      "month": 2,
      "year": 1996
    },
    {
      "month": 1,
      "year": 1996
    },
    {
      "month": 12,
      "year": 1995
    },
    {
      "month": 11,
      "year": 1995
    },
    {
      "month": 10,
      "year": 1995
    },
    {
      "month": 9,
      "year": 1995
    },
    {
      "month": 8,
      "year": 1995
    },
    {
      "month": 5,
      "year": 1995
    },
    {
      "month": 4,
      "year": 1995
    },
    {
      "month": 3,
      "year": 1995
    },
    {
      "month": 2,
      "year": 1995
    },
    {
      "month": 1,
      "year": 1995
    },
    {
      "month": 12,
      "year": 1994
    },
    {
      "month": 11,
      "year": 1994
    },
    {
      "month": 10,
      "year": 1994
    },
    {
      "month": 9,
      "year": 1994
    },
    {
      "month": 8,
      "year": 1994
    },
    {
      "month": 5,
      "year": 1994
    },
    {
      "month": 4,
      "year": 1994
    },
    {
      "month": 3,
      "year": 1994
    },
    {
      "month": 2,
      "year": 1994
    },
    {
      "month": 1,
      "year": 1994
    },
    {
      "month": 12,
      "year": 1993
    },
    {
      "month": 11,
      "year": 1993
    },
    {
      "month": 10,
      "year": 1993
    },
    {
      "month": 9,
      "year": 1993
    },
    {
      "month": 8,
      "year": 1993
    },
    {
      "month": 5,
      "year": 1993
    },
    {
      "month": 4,
      "year": 1993
    },
    {
      "month": 3,
      "year": 1993
    },
    {
      "month": 2,
      "year": 1993
    },
    {
      "month": 1,
      "year": 1993
    },
    {
      "month": 12,
      "year": 1992
    },
    {
      "month": 11,
      "year": 1992
    },
    {
      "month": 10,
      "year": 1992
    },
    {
      "month": 9,
      "year": 1992
    },
    {
      "month": 8,
      "year": 1992
    }
  ]
}
GET https://sportapi7.p.rapidapi.com/api/v1/calendar/unique-tournament/17/0/months-with-events HTTP/1.1
accept: application/json
x-rapidapi-host: sportapi7.p.rapidapi.com
x-rapidapi-key: 0434215ee2msh45ced7038e37197p1b6ca9jsna320cbc27bc8
x-rapidapi-ua: RapidAPI-Playground
